DROP VIEW IF EXISTS Contratto_SommaPrezziAssicurazioni;
DROP VIEW IF EXISTS Contratto_TariffaVeicolo;

DROP VIEW IF EXISTS sommacanonecliente;
DROP VIEW IF EXISTS contomanutenzioni;
DROP VIEW IF EXISTS frequenzaAssicurazione;

DROP INDEX IF EXISTS idx_StatoFiliale_veicolo;

DROP TABLE IF EXISTS Azienda;
DROP TABLE IF EXISTS Privato;
DROP TABLE IF EXISTS Fattura;
DROP TABLE IF EXISTS Manutenzione;
DROP TABLE IF EXISTS Copertura;
DROP TABLE IF EXISTS Assicurazione;
DROP TABLE IF EXISTS Pagamento;
DROP TABLE IF EXISTS Contratto;
DROP TABLE IF EXISTS Moto;
DROP TABLE IF EXISTS Furgone;
DROP TABLE IF EXISTS Automobile;
DROP TABLE IF EXISTS Veicolo;
DROP TABLE IF EXISTS Tariffario;
DROP TABLE IF EXISTS Cliente;
DROP TABLE IF EXISTS Filiale;

DROP TYPE IF EXISTS TipologiaAlimentazione;
DROP TYPE IF EXISTS TipologiaAssicurazione;
DROP TYPE IF EXISTS TipologiaManutenzione;
DROP TYPE IF EXISTS TipologiaMoto;
DROP TYPE IF EXISTS TipologiaStato;
DROP TYPE IF EXISTS TipologiaVeicolo;

Create TABLE Filiale (
    IdFiliale SERIAL PRIMARY KEY,
    Telefono CHAR(13) NOT NULL,
    Citta VARCHAR(50) NOT NULL,
    Via VARCHAR(50) NOT NULL,
    Numero VARCHAR(5) NOT NULL,
    CAP VARCHAR(5) NOT NULL
);

Create TABLE Cliente (
    IdCliente SERIAL PRIMARY KEY,
    Email VARCHAR(50) NOT NULL,
    Telefono CHAR(13) NOT NULL,
    Citta VARCHAR(50) NOT NULL,
    Via VARCHAR(50) NOT NULL,
    Numero VARCHAR(5) NOT NULL,
    CAP VARCHAR(5) NOT NULL
);

Create TABLE Tariffario (
    Marca VARCHAR(20),
    Modello VARCHAR(50),
    TariffaBase NUMERIC(10,2) NOT NULL,
    PRIMARY KEY (Marca, Modello),
    CHECK (TariffaBase >= 0)
);

CREATE TYPE TipologiaAlimentazione as ENUM ('BENZINA', 'DIESEL', 'ELETTRICO', 'IBRIDO', 'GPL');
CREATE TYPE TipologiaStato as ENUM ('DISPONIBILE', 'NOLEGGIATO', 'MANUTENZIONE');

Create TABLE Veicolo(
    Targa CHAR(7) primary key,
    Chilometraggio INT NOT NULL,
    AnnoImmatricolazione DATE NOT NULL,
    Potenza INT NOT NULL,
    TipoAlimentazione TipologiaAlimentazione NOT NULL,
    Stato TipologiaStato NOT NULL,
    TariffarioMarca VARCHAR (20) NOT NULL,
    TariffarioModello VARCHAR (50) NOT NULL,
    Filiale INT NOT NULL REFERENCES Filiale(idFiliale),
    FOREIGN KEY (TariffarioMarca, TariffarioModello) REFERENCES Tariffario (Marca, Modello),
    CHECK(Chilometraggio >= 0 and Potenza > 0)
);

CREATE TYPE TipologiaVeicolo as ENUM ('SPORTIVA', 'UTILITARIA', 'STATION WAGON', 'BERLINA', 'SUV', 'CABRIOLET', 'PICK-UP');

Create TABLE Automobile(
    Veicolo char(7) primary key,
    Tipologia TipologiaVeicolo NOT NULL,
    NumeroPorte INT NOT NULL,
    FOREIGN KEY (Veicolo) REFERENCES Veicolo(targa) on delete cascade,
    CHECK (NumeroPorte >= 2 and NumeroPorte <= 5)
);

Create TABLE Furgone(
    Veicolo char(7) primary key,
    Volume INT NOT NULL,
    PortataUtile INT NOT NULL,
    FOREIGN KEY (Veicolo) REFERENCES Veicolo(targa) on delete cascade
);

CREATE TYPE TipologiaMoto as ENUM ('NAKED','SUPERSPORTIVA', 'ENDURO', 'TOURER', 'CRUISER', 'SCOOTER', 'CICLOMOTORI');

Create TABLE Moto(
    Veicolo char(7) primary key,
    Tipologia TipologiaMoto NOT NULL,
    FOREIGN KEY (Veicolo) REFERENCES Veicolo(targa) on delete cascade
);

CREATE Table Contratto(
    IdContratto SERIAL PRIMARY KEY,
    ChilometriIniziali INT NOT NULL,
    Canone NUMERIC(10,2) NOT NULL,
    DataInizio DATE NOT NULL,
    DataFine DATE NOT NULL,
    ChilometriFinali INT,
    Veicolo char(7) REFERENCES Veicolo(Targa),
    Cliente INT REFERENCES Cliente(IdCliente),
    Filiale INT REFERENCES Filiale(IdFiliale),
    CHECK (DataInizio <= DataFine and ChilometriIniziali <= ChilometriFinali),
    CHECK (Canone >= 0)
);

Create TABLE Pagamento(
    Contratto INT REFERENCES Contratto(IdContratto) on delete cascade,
    DataPagamento DATE NOT NULL,
    Importo NUMERIC(10,2) NOT NULL,
    primary key (Contratto, DataPagamento),
    CHECK(Importo > 0)
);

CREATE TYPE TipologiaAssicurazione as ENUM ('RCA', 'FURTO', 'INCENDIO', 'CRISTALLI', 'KASKO', 'EVENTI NATURALI', 'ASSISTENZA STRADALE', 'ATTI VANDALICI');

Create TABLE Assicurazione(
    Tipologia TipologiaAssicurazione primary key,
    TariffaGiornaliera NUMERIC(10,2) NOT NULL,
    Massimale NUMERIC(10,2) NOT NULL
);

Create TABLE Copertura(
    Assicurazione TipologiaAssicurazione references Assicurazione(Tipologia),
    Contratto INT references Contratto(idcontratto) on delete cascade,
    primary key(Assicurazione, Contratto) 
);

CREATE TYPE TipologiaManutenzione as ENUM ('ORDINARIA','STRAORDINARIA');

Create TABLE Manutenzione (
    IdManutenzione SERIAL primary key,
    DataInizio DATE NOT NULL,
    DataFine DATE,
    Tipologia TipologiaManutenzione NOT NULL,
    Veicolo CHAR(7) NOT NULL REFERENCES Veicolo(Targa),
    CHECK (DataInizio <= DataFine)
);

Create TABLE Fattura (
    Manutenzione INT PRIMARY KEY REFERENCES Manutenzione(idManutenzione) on delete cascade,
    Fornitore VARCHAR(100) NOT NULL,
    DataFattura DATE NOT NULL,
    Importo NUMERIC(10,2) NOT NULL
);

Create TABLE Privato (
    IdCliente INT PRIMARY KEY,
    CodiceFiscale VARCHAR(16) UNIQUE NOT NULL,
    Nome VARCHAR(50) NOT NULL,
    Cognome VARCHAR (50) NOT NULL,
    FOREIGN KEY (IdCliente) REFERENCES Cliente(IdCliente) on delete cascade
);

Create TABLE Azienda (
    IdCliente INT PRIMARY KEY,
    PartitaIva VARCHAR(11) UNIQUE NOT NULL,
    RagioneSociale VARCHAR(50) NOT NULL,
    FOREIGN KEY (IdCliente) REFERENCES Cliente(IdCliente) on delete cascade
);

--POPOLAMENTO DELLE TABELLE

 INSERT INTO Filiale (Telefono, Citta, Via, Numero, CAP) VALUES
 ('+390212345002', 'Milano', 'Corso Buenos Aires', '45', '20124'),
 ('+390554321004', 'Firenze', 'Via de'' Tornabuoni', '8', '50123'),
 ('+390115678905', 'Torino', 'Corso Francia', '210', '10146'),
 ('+390495551006', 'Padova', 'Via Venezia', '77', '35131'),
 ('+390515551013', 'Bologna', 'Via Indipendenza', '14', '40121');

 INSERT INTO Cliente(Email,Telefono,Citta,Via,Numero,CAP) VALUES
 ('marco.rossi1@gmail.com','+393401000001','Roma','Via Roma','1', '00118'),
 ('luca.bianchi2@gmail.com','+393401000002','Milano','Corso Italia', '2','20121'),
 ('anna.verdi3@gmail.com','+393401000003','Napoli','Via Garibaldi','3', '80121'),
 ('giulia.neri4@gmail.com','+393401000004','Torino','Via Po','4', '10121'),
 ('paolo.russo5@gmail.com','+393401000005','Firenze','Via Dante','5', '50121'),
 ('marta.galli6@gmail.com','+393401000006','Bologna','Via Mazzini','6', '40121'),
 ('simone.fontana7@gmail.com','+393401000007','Genova','Via Torino', '7','16121'),
 ('laura.conti8@gmail.com','+393401000008','Padova','Via Venezia','8', '35121'),
 ('davide.moretti9@gmail.com','+393401000009','Verona','Via Milano', '9','37121'),
 ('elena.greco10@gmail.com','+393401000010','Bari','Via Manzoni','10', '70121'),
 ('matteo.lombardi11@gmail.com','+393401000011','Palermo','Via Libertà', '11','90121'),
 ('chiara.ferri12@gmail.com','+393401000012','Catania','Via Etnea', '12','95121'),
 ('andrea.romano13@gmail.com','+393401000013','Venezia','Via Rialto', '13','30121'),
 ('sara.rinaldi14@gmail.com','+393401000014','Trieste','Via Carducci', '14','34121'),
 ('federico.marini15@gmail.com','+393401000015','Parma','Via Emilia', '15','43121'),
 ('giorgia.martini16@gmail.com','+393401000016','Perugia','Via Baglioni','16','06121'),
 ('alessio.de_luca17@gmail.com','+393401000017','Pisa','Via Santa Maria','17','56121'),
 ('valentina.esposito18@gmail.com','+393401000018','Modena','Via Giardini','18','41121'),
 ('riccardo.serra19@gmail.com','+393401000019','Reggio Calabria','Via Marina','19','89121'),
 ('francesca.villa20@gmail.com','+393401000020','Salerno','Via Diaz', '20','84121'),
 ('marco.rossi21@gmail.com','+393401000021','Roma','Via Roma','21', '00118'),
 ('luca.bianchi22@gmail.com','+393401000022','Milano','Corso Italia', '22','20121'),
 ('anna.verdi23@gmail.com','+393401000023','Napoli','Via Garibaldi', '23','80121'),
 ('giulia.neri24@gmail.com','+393401000024','Torino','Via Po','24', '10121'),
 ('paolo.russo25@gmail.com','+393401000025','Firenze','Via Dante','25', '50121'),
 ('marta.galli26@gmail.com','+393401000026','Bologna','Via Mazzini', '26','40121'),
 ('simone.fontana27@gmail.com','+393401000027','Genova','Via Torino', '27','16121'),
 ('laura.conti28@gmail.com','+393401000028','Padova','Via Venezia', '28','35121'),
 ('davide.moretti29@gmail.com','+393401000029','Verona','Via Milano', '29','37121'),
 ('elena.greco30@gmail.com','+393401000030','Bari','Via Manzoni','30', '70121'),
 ('matteo.lombardi31@gmail.com','+393401000031','Palermo','Via Libertà', '31','90121'),
 ('chiara.ferri32@gmail.com','+393401000032','Catania','Via Etnea','32','95121'),
 ('andrea.romano33@gmail.com','+393401000033','Venezia','Via Rialto', '33','30121'),
 ('sara.rinaldi34@gmail.com','+393401000034','Trieste','Via Carducci', '34','34121'),
 ('federico.marini35@gmail.com','+393401000035','Parma','Via Emilia', '35','43121'),
 ('giorgia.martini36@gmail.com','+393401000036','Perugia','Via Baglioni','36','06121'),
 ('alessio.de_luca37@gmail.com','+393401000037','Pisa','Via Santa Maria','37','56121'),
 ('valentina.esposito38@gmail.com','+393401000038','Modena','Via Giardini','38','41121'),
 ('riccardo.serra39@gmail.com','+393401000039','Reggio Calabria','Via Marina','39','89121'),
 ('francesca.villa40@gmail.com','+393401000040','Salerno','Via Diaz', '40','84121'),
 ('marco.rossi41@gmail.com','+393401000041','Roma','Via Roma','41', '00118'),
 ('luca.bianchi42@gmail.com','+393401000042','Milano','Corso Italia', '42','20121'),
 ('anna.verdi43@gmail.com','+393401000043','Napoli','Via Garibaldi', '43','80121'),
 ('giulia.neri44@gmail.com','+393401000044','Torino','Via Po','44', '10121'),
 ('paolo.russo45@gmail.com','+393401000045','Firenze','Via Dante','45', '50121'),
 ('marta.galli46@gmail.com','+393401000046','Bologna','Via Mazzini', '46','40121'),
 ('simone.fontana47@gmail.com','+393401000047','Genova','Via Torino', '47','16121'),
 ('laura.conti48@gmail.com','+393401000048','Padova','Via Venezia', '48','35121'),
 ('davide.moretti49@gmail.com','+393401000049','Verona','Via Milano', '49','37121'),
 ('elena.greco50@gmail.com','+393401000050','Bari','Via Manzoni','50', '70121'),
 ('matteo.lombardi51@gmail.com','+393401000051','Palermo','Via Libertà', '51','90121'),
 ('chiara.ferri52@gmail.com','+393401000052','Catania','Via Etnea', '52','95121'),
 ('andrea.romano53@gmail.com','+393401000053','Venezia','Via Rialto', '53','30121'),
 ('sara.rinaldi54@gmail.com','+393401000054','Trieste','Via Carducci', '54','34121'),
 ('federico.marini55@gmail.com','+393401000055','Parma','Via Emilia', '55','43121'),
 ('giorgia.martini56@gmail.com','+393401000056','Perugia','Via Baglioni','56','06121'),
 ('alessio.de_luca57@gmail.com','+393401000057','Pisa','Via Santa Maria','57','56121'),
 ('valentina.esposito58@gmail.com','+393401000058','Modena','Via Giardini','58','41121'),
 ('riccardo.serra59@gmail.com','+393401000059','Reggio Calabria','Via Marina','59','89121'),
 ('francesca.villa60@gmail.com','+393401000060','Salerno','Via Diaz', '60','84121'),
 ('marco.rossi61@gmail.com','+393401000061','Roma','Via Roma','61', '00118'),
 ('luca.bianchi62@gmail.com','+393401000062','Milano','Corso Italia', '62','20121'),
 ('anna.verdi63@gmail.com','+393401000063','Napoli','Via Garibaldi', '63','80121'),
 ('giulia.neri64@gmail.com','+393401000064','Torino','Via Po','64', '10121'),
 ('paolo.russo65@gmail.com','+393401000065','Firenze','Via Dante','65', '50121'),
 ('marta.galli66@gmail.com','+393401000066','Bologna','Via Mazzini', '66','40121'),
 ('simone.fontana67@gmail.com','+393401000067','Genova','Via Torino', '67','16121'),
 ('laura.conti68@gmail.com','+393401000068','Padova','Via Venezia', '68','35121'),
 ('davide.moretti69@gmail.com','+393401000069','Verona','Via Milano', '69','37121'),
 ('elena.greco70@gmail.com','+393401000070','Bari','Via Manzoni','70', '70121'),
 ('matteo.lombardi71@gmail.com','+393401000071','Palermo','Via Libertà', '71','90121'),
 ('chiara.ferri72@gmail.com','+393401000072','Catania','Via Etnea', '72','95121'),
 ('andrea.romano73@gmail.com','+393401000073','Venezia','Via Rialto', '73','30121'),
 ('sara.rinaldi74@gmail.com','+393401000074','Trieste','Via Carducci', '74','34121'),
 ('federico.marini75@gmail.com','+393401000075','Parma','Via Emilia', '75','43121'),
 ('giorgia.martini76@gmail.com','+393401000076','Perugia','Via Baglioni','76','06121'),
 ('alessio.de_luca77@gmail.com','+393401000077','Pisa','Via Santa Maria','77','56121'),
 ('valentina.esposito78@gmail.com','+393401000078','Modena','Via Giardini','78','41121'),
 ('riccardo.serra79@gmail.com','+393401000079','Reggio Calabria','Via Marina','79','89121'),
 ('francesca.villa80@gmail.com','+393401000080','Salerno','Via Diaz', '80','84121'),
 ('marco.rossi81@gmail.com','+393401000081','Roma','Via Roma','81', '00118'),
 ('luca.bianchi82@gmail.com','+393401000082','Milano','Corso Italia', '82','20121'),
 ('anna.verdi83@gmail.com','+393401000083','Napoli','Via Garibaldi', '83','80121'),
 ('giulia.neri84@gmail.com','+393401000084','Torino','Via Po','84', '10121'),
 ('paolo.russo85@gmail.com','+393401000085','Firenze','Via Dante','85', '50121'),
 ('marta.galli86@gmail.com','+393401000086','Bologna','Via Mazzini', '86','40121'),
 ('simone.fontana87@gmail.com','+393401000087','Genova','Via Torino', '87','16121'),
 ('laura.conti88@gmail.com','+393401000088','Padova','Via Venezia', '88','35121'),
 ('davide.moretti89@gmail.com','+393401000089','Verona','Via Milano', '89','37121'),
 ('elena.greco90@gmail.com','+393401000090','Bari','Via Manzoni','90', '70121'),
 ('matteo.lombardi91@gmail.com','+393401000091','Palermo','Via Libertà', '91','90121'),
 ('chiara.ferri92@gmail.com','+393401000092','Catania','Via Etnea', '92','95121'),
 ('andrea.romano93@gmail.com','+393401000093','Venezia','Via Rialto', '93','30121'),
 ('sara.rinaldi94@gmail.com','+393401000094','Trieste','Via Carducci', '94','34121'),
 ('federico.marini95@gmail.com','+393401000095','Parma','Via Emilia', '95','43121'),
 ('giorgia.martini96@gmail.com','+393401000096','Perugia','Via Baglioni','96','06121'),
 ('alessio.de_luca97@gmail.com','+393401000097','Pisa','Via Santa Maria','97','56121'),
 ('valentina.esposito98@gmail.com','+393401000098','Modena','Via Giardini','98','41121'),
 ('riccardo.serra99@gmail.com','+393401000099','Reggio Calabria','Via Marina','99','89121'),
 ('francesca.villa100@gmail.com','+393401000100','Salerno','Via Diaz', '100','84121'),
 ('marco.rossi101@gmail.com','+393401000101','Roma','Via Roma','101', '00118'),
 ('luca.bianchi102@gmail.com','+393401000102','Milano','Corso Italia', '102','20121'),
 ('anna.verdi103@gmail.com','+393401000103','Napoli','Via Garibaldi', '103','80121'),
 ('giulia.neri104@gmail.com','+393401000104','Torino','Via Po','104','10121'),
 ('paolo.russo105@gmail.com','+393401000105','Firenze','Via Dante','105','50121'),
 ('marta.galli106@gmail.com','+393401000106','Bologna','Via Mazzini','106','40121'),
 ('simone.fontana107@gmail.com','+393401000107','Genova','Via Torino', '107','16121'),
 ('laura.conti108@gmail.com','+393401000108','Padova','Via Venezia', '108','35121'),
 ('davide.moretti109@gmail.com','+393401000109','Verona','Via Milano', '109','37121'),
 ('elena.greco110@gmail.com','+393401000110','Bari','Via Manzoni', '110','70121'),
 ('matteo.lombardi111@gmail.com','+393401000111','Palermo','Via Libertà','111','90121'),
 ('chiara.ferri112@gmail.com','+393401000112','Catania','Via Etnea', '112','95121'),
 ('andrea.romano113@gmail.com','+393401000113','Venezia','Via Rialto', '113','30121'),
 ('sara.rinaldi114@gmail.com','+393401000114','Trieste','Via Carducci', '114','34121'),
 ('federico.marini115@gmail.com','+393401000115','Parma','Via Emilia', '115','43121'),
 ('giorgia.martini116@gmail.com','+393401000116','Perugia','Via Baglioni','116','06121'),
 ('alessio.de_luca117@gmail.com','+393401000117','Pisa','Via Santa Maria','117','56121'),
 ('valentina.esposito118@gmail.com','+393401000118','Modena','Via Giardini','118','41121'),
 ('riccardo.serra119@gmail.com','+393401000119','Reggio Calabria','Via Marina','119','89121'),
 ('francesca.villa120@gmail.com','+393401000120','Salerno','Via Diaz','120','84121'),
 ('marco.rossi121@gmail.com','+393401000121','Roma','Via Roma','121', '00118'),
 ('luca.bianchi122@gmail.com','+393401000122','Milano','Corso Italia','122','20121'),
 ('anna.verdi123@gmail.com','+393401000123','Napoli','Via Garibaldi','123','80121'),
 ('giulia.neri124@gmail.com','+393401000124','Torino','Via Po','124','10121'),
 ('paolo.russo125@gmail.com','+393401000125','Firenze','Via Dante','125','50121'),
 ('marta.galli126@gmail.com','+393401000126','Bologna','Via Mazzini', '126','40121'),
 ('simone.fontana127@gmail.com','+393401000127','Genova','Via Torino', '127','16121'),
 ('laura.conti128@gmail.com','+393401000128','Padova','Via Venezia','128','35121'),
 ('davide.moretti129@gmail.com','+393401000129','Verona','Via Milano','129','37121'),
 ('elena.greco130@gmail.com','+393401000130','Bari','Via Manzoni', '130','70121'),
 ('matteo.lombardi131@gmail.com','+393401000131','Palermo','Via Libertà','131','90121'),
 ('chiara.ferri132@gmail.com','+393401000132','Catania','Via Etnea','132','95121'),
 ('andrea.romano133@gmail.com','+393401000133','Venezia','Via Rialto','133','30121'),
 ('sara.rinaldi134@gmail.com','+393401000134','Trieste','Via Carducci','134','34121'),
 ('federico.marini135@gmail.com','+393401000135','Parma','Via Emilia', '135','43121'),
 ('giorgia.martini136@gmail.com','+393401000136','Perugia','Via Baglioni','136','06121'),
 ('alessio.de_luca137@gmail.com','+393401000137','Pisa','Via Santa Maria','137','56121'),
 ('valentina.esposito138@gmail.com','+393401000138','Modena','Via Giardini','138','41121'),
 ('riccardo.serra139@gmail.com','+393401000139','Reggio Calabria','Via Marina','139','89121'),
 ('francesca.villa140@gmail.com','+393401000140','Salerno','Via Diaz','140','84121'),
 ('marco.rossi141@gmail.com','+393401000141','Roma','Via Roma','141','00118'),
 ('luca.bianchi142@gmail.com','+393401000142','Milano','Corso Italia','142','20121'),
 ('anna.verdi143@gmail.com','+393401000143','Napoli','Via Garibaldi','143','80121'),
 ('giulia.neri144@gmail.com','+393401000144','Torino','Via Po','144','10121'),
 ('paolo.russo145@gmail.com','+393401000145','Firenze','Via Dante','145','50121'),
 ('marta.galli146@gmail.com','+393401000146','Bologna','Via Mazzini','146','40121'),
 ('simone.fontana147@gmail.com','+393401000147','Genova','Via Torino','147','16121'),
 ('laura.conti148@gmail.com','+393401000148','Padova','Via Venezia','148','35121'),
 ('davide.moretti149@gmail.com','+393401000149','Verona','Via Milano','149','37121'),
 ('elena.greco150@gmail.com','+393401000150','Bari','Via Manzoni','150','70121');

INSERT INTO Privato (IdCliente, CodiceFiscale, Nome, Cognome) VALUES 
 (1, 'RSSMRC80A01H501A', 'Marco', 'Rossi'),
 (2, 'BNCLCU81B02F205B', 'Luca', 'Bianchi'),
 (3, 'VRDANN82C03F839C', 'Anna', 'Verdi'),
 (4, 'NRIGLI83D04L219D', 'Giulia', 'Neri'),
 (5, 'RSSPLA84E05D612E', 'Paolo', 'Russo'),
 (6, 'GLLMRT85F06A944F', 'Marta', 'Galli'),
 (7, 'FNTSMN86G07D969G', 'Simone', 'Fontana'),
 (8, 'CNTLRA87H08G224H', 'Laura', 'Conti'),
 (9, 'MRTDVD88I09L781I', 'Davide', 'Moretti'),
 (10, 'GRCELN89L10A662L', 'Elena', 'Greco'),
 (11, 'LMBMTT90M11G273M', 'Matteo', 'Lombardi'),
 (12, 'FRRCHR91N12C351N', 'Chiara', 'Ferri'),
 (13, 'RMNAND92P13L736P', 'Andrea', 'Romano'),
 (14, 'RNLSSR93Q14L424Q', 'Sara', 'Rinaldi'),
 (15, 'MRNFRC94R15G337R', 'Federico', 'Marini'),
 (16, 'MRTGRG95S16G478S', 'Giorgia', 'Martini'),
 (17, 'DLCLSS96T17G702T', 'Alessio', 'De Luca'),
 (18, 'SPSVLN97U18F257U', 'Valentina', 'Esposito'),
 (19, 'SRRRCR98V19H224V', 'Riccardo', 'Serra'),
 (20, 'VLLFNC99Z20H703Z', 'Francesca', 'Villa'),
 (21, 'RSSMRC80A21H501A', 'Marco', 'Rossi'),
 (22, 'BNCLCU81B22F205B', 'Luca', 'Bianchi'),
 (23, 'VRDANN82C23F839C', 'Anna', 'Verdi'),
 (24, 'NRIGLI83D24L219D', 'Giulia', 'Neri'),
 (25, 'RSSPLA84E25D612E', 'Paolo', 'Russo'),
 (26, 'GLLMRT85F26A944F', 'Marta', 'Galli'),
 (27, 'FNTSMN86G27D969G', 'Simone', 'Fontana'),
 (28, 'CNTLRA87H28G224H', 'Laura', 'Conti'),
 (29, 'MRTDVD88I29L781I', 'Davide', 'Moretti'),
 (30, 'GRCELN89L30A662L', 'Elena', 'Greco'),
 (31, 'LMBMTT90M31G273M', 'Matteo', 'Lombardi'),
 (32, 'FRRCHR91N32C351N', 'Chiara', 'Ferri'),
 (33, 'RMNAND92P33L736P', 'Andrea', 'Romano'),
 (34, 'RNLSSR93Q34L424Q', 'Sara', 'Rinaldi'),
 (35, 'MRNFRC94R35G337R', 'Federico', 'Marini'),
 (36, 'MRTGRG95S36G478S', 'Giorgia', 'Martini'),
 (37, 'DLCLSS96T37G702T', 'Alessio', 'De Luca'),
 (38, 'SPSVLN97U38F257U', 'Valentina', 'Esposito'),
 (39, 'SRRRCR98V39H224V', 'Riccardo', 'Serra'),
 (40, 'VLLFNC99Z40H703Z', 'Francesca', 'Villa'),
 (41, 'RSSMRC80A41H501A', 'Marco', 'Rossi'),
 (42, 'BNCLCU81B42F205B', 'Luca', 'Bianchi'),
 (43, 'VRDANN82C43F839C', 'Anna', 'Verdi'),
 (44, 'NRIGLI83D44L219D', 'Giulia', 'Neri'),
 (45, 'RSSPLA84E45D612E', 'Paolo', 'Russo'),
 (46, 'GLLMRT85F46A944F', 'Marta', 'Galli'),
 (47, 'FNTSMN86G47D969G', 'Simone', 'Fontana'),
 (48, 'CNTLRA87H48G224H', 'Laura', 'Conti'),
 (49, 'MRTDVD88I49L781I', 'Davide', 'Moretti'),
 (50, 'GRCELN89L50A662L', 'Elena', 'Greco'),
 (51, 'LMBMTT90M51G273M', 'Matteo', 'Lombardi'),
 (52, 'FRRCHR91N52C351N', 'Chiara', 'Ferri'),
 (53, 'RMNAND92P53L736P', 'Andrea', 'Romano'),
 (54, 'RNLSSR93Q54L424Q', 'Sara', 'Rinaldi'),
 (55, 'MRNFRC94R55G337R', 'Federico', 'Marini'),
 (56, 'MRTGRG95S56G478S', 'Giorgia', 'Martini'),
 (57, 'DLCLSS96T57G702T', 'Alessio', 'De Luca'),
 (58, 'SPSVLN97U58F257U', 'Valentina', 'Esposito'),
 (59, 'SRRRCR98V59H224V', 'Riccardo', 'Serra'),
 (60, 'VLLFNC99Z60H703Z', 'Francesca', 'Villa'),
 (61, 'RSSMRC80A61H501A', 'Marco', 'Rossi'),
 (62, 'BNCLCU81B62F205B', 'Luca', 'Bianchi'),
 (63, 'VRDANN82C63F839C', 'Anna', 'Verdi'),
 (64, 'NRIGLI83D64L219D', 'Giulia', 'Neri'),
 (65, 'RSSPLA84E65D612E', 'Paolo', 'Russo'),
 (66, 'GLLMRT85F66A944F', 'Marta', 'Galli'),
 (67, 'FNTSMN86G67D969G', 'Simone', 'Fontana'),
 (68, 'CNTLRA87H68G224H', 'Laura', 'Conti'),
 (69, 'MRTDVD88I69L781I', 'Davide', 'Moretti'),
 (70, 'GRCELN89L70A662L', 'Elena', 'Greco'),
 (71, 'LMBMTT90M71G273M', 'Matteo', 'Lombardi'),
 (72, 'FRRCHR91N72C351N', 'Chiara', 'Ferri'),
 (73, 'RMNAND92P73L736P', 'Andrea', 'Romano'),
 (74, 'RNLSSR93Q74L424Q', 'Sara', 'Rinaldi'),
 (75, 'MRNFRC94R75G337R', 'Federico', 'Marini'),
 (76, 'MRTGRG95S76G478S', 'Giorgia', 'Martini'),
 (77, 'DLCLSS96T77G702T', 'Alessio', 'De Luca'),
 (78, 'SPSVLN97U78F257U', 'Valentina', 'Esposito'),
 (79, 'SRRRCR98V79H224V', 'Riccardo', 'Serra'),
 (80, 'VLLFNC99Z80H703Z', 'Francesca', 'Villa'),
 (81, 'RSSMRC80A81H501A', 'Marco', 'Rossi'),
 (82, 'BNCLCU81B82F205B', 'Luca', 'Bianchi'),
 (83, 'VRDANN82C83F839C', 'Anna', 'Verdi'),
 (84, 'NRIGLI83D84L219D', 'Giulia', 'Neri'),
 (85, 'RSSPLA84E85D612E', 'Paolo', 'Russo'),
 (86, 'GLLMRT85F86A944F', 'Marta', 'Galli'),
 (87, 'FNTSMN86G87D969G', 'Simone', 'Fontana'),
 (88, 'CNTLRA87H88G224H', 'Laura', 'Conti'),
 (89, 'MRTDVD88I89L781I', 'Davide', 'Moretti'),
 (90, 'GRCELN89L90A662L', 'Elena', 'Greco'),
 (91, 'LMBMTT90M91G273M', 'Matteo', 'Lombardi'),
 (92, 'FRRCHR91N92C351N', 'Chiara', 'Ferri'),
 (93, 'RMNAND92P93L736P', 'Andrea', 'Romano'),
 (94, 'RNLSSR93Q94L424Q', 'Sara', 'Rinaldi'),
 (95, 'MRNFRC94R95G337R', 'Federico', 'Marini'),
 (96, 'MRTGRG95S96G478S', 'Giorgia', 'Martini'),
 (97, 'DLCLSS96T97G702T', 'Alessio', 'De Luca'),
 (98, 'SPSVLN97U98F257U', 'Valentina', 'Esposito'),
 (99, 'SRRRCR98V99H224V', 'Riccardo', 'Serra'),
 (100, 'VLLFNC99Z00H703Z', 'Francesca', 'Villa');

INSERT INTO Azienda (idCliente, PartitaIva, RagioneSociale) VALUES 
 (101, '10000000001', 'Tech Solutions SRL'),
 (102, '10000000002', 'Logistica Italia SPA'),
 (103, '10000000003', 'Veneto Trasporti SRL'),
 (104, '10000000004', 'Alpha Consulting SRL'),
 (105, '10000000005', 'Digital Systems SPA'),
 (106, '10000000006', 'Nord Est Impianti SRL'),
 (107, '10000000007', 'Padova Energia SRL'),
 (108, '10000000008', 'Blue Horizon SPA'),
 (109, '10000000009', 'Fast Delivery SRL'),
 (110, '10000000010', 'Global Service Italia'),
 (111, '10000000011', 'Smart Mobility SRL'),
 (112, '10000000012', 'Infinity Group SPA'),
 (113, '10000000013', 'Urban Logistics SRL'),
 (114, '10000000014', 'Future Tech SRL'),
 (115, '10000000015', 'Green Mobility SPA'),
 (116, '10000000016', 'Sigma Consulting'),
 (117, '10000000017', 'Venice Trade SRL'),
 (118, '10000000018', 'Nova Energia SPA'),
 (119, '10000000019', 'Delta Systems SRL'),
 (120, '10000000020', 'Euro Transport SPA'),
 (121, '10000000021', 'Adriatica Servizi SRL'),
 (122, '10000000022', 'Dynamic Group SPA'),
 (123, '10000000023', 'Italia Rent Solutions'),
 (124, '10000000024', 'Phoenix Logistics'),
 (125, '10000000025', 'Luna Rossa Consulting'),
 (126, '10000000026', 'Orion Tech SPA'),
 (127, '10000000027', 'Eclipse Mobility SRL'),
 (128, '10000000028', 'Aquila Servizi Integrati'),
 (129, '10000000029', 'Zenith Holding SPA'),
 (130, '10000000030', 'NextGen Systems'),
 (131, '10000000031', 'Titan Group SRL'),
 (132, '10000000032', 'Omega Consulting'),
 (133, '10000000033', 'Smart Factory SRL'),
 (134, '10000000034', 'Mercury Logistics'),
 (135, '10000000035', 'Atlas Engineering SPA'),
 (136, '10000000036', 'Bridge Solutions'),
 (137, '10000000037', 'Helios Energia'),
 (138, '10000000038', 'Infinity Mobility'),
 (139, '10000000039', 'Prime Consulting SRL'),
 (140, '10000000040', 'Stellar Group SPA'),
 (141, '10000000041', 'Cloud Systems Italia'),
 (142, '10000000042', 'Future Mobility'),
 (143, '10000000043', 'Veneto Service Group'),
 (144, '10000000044', 'Apex Logistics'),
 (145, '10000000045', 'Matrix Consulting'),
 (146, '10000000046', 'Northwind Italia'),
 (147, '10000000047', 'Blue Ocean SRL'),
 (148, '10000000048', 'Horizon Trade SPA'),
 (149, '10000000049', 'Digital Rent Systems'),
 (150, '10000000050', 'Velocity Group SRL');


 INSERT INTO Tariffario (Marca, Modello, TariffaBase) VALUES
 ('Fiat', 'Panda', 35.00),
 ('Fiat', '500', 40.00),
 ('Fiat', 'Tipo', 50.00),
 ('Alfa Romeo', 'Giulia', 85.00),
 ('Alfa Romeo', 'Stelvio', 95.00),
 ('Lancia', 'Ypsilon', 38.00),
 ('Volkswagen', 'Golf', 60.00),
 ('Volkswagen', 'Polo', 45.00),
 ('Volkswagen', 'Tiguan', 90.00),
 ('Audi', 'A1', 70.00),
 ('Audi', 'A3', 80.00),
 ('Audi', 'Q5', 120.00),
 ('BMW', 'Serie 1', 75.00),
 ('BMW', 'Serie 3', 95.00),
 ('BMW', 'X3', 130.00),
 ('Mercedes', 'Classe A', 78.00),
 ('Mercedes', 'Classe C', 105.00),
 ('Mercedes', 'GLC', 135.00),
 ('Renault', 'Clio', 42.00),
 ('Renault', 'Captur', 65.00),
 ('Peugeot', '208', 43.00),
 ('Peugeot', '3008', 88.00),
 ('Citroen', 'C3', 41.00),
 ('Citroen', 'C5 Aircross', 92.00),
 ('Opel', 'Corsa', 44.00),
 ('Opel', 'Mokka', 72.00),
 ('Ford', 'Fiesta', 43.00),
 ('Ford', 'Focus', 58.00),
 ('Ford', 'Kuga', 85.00),
 ('Toyota', 'Yaris', 48.00),
 ('Toyota', 'Corolla', 68.00),
 ('Toyota', 'RAV4', 98.00),
 ('Honda', 'Civic', 70.00),
 ('Honda', 'HR-V', 88.00),
 ('Hyundai', 'i10', 36.00),
 ('Hyundai', 'Tucson', 89.00),
 ('Kia', 'Picanto', 35.00),
 ('Kia', 'Sportage', 87.00),
 ('Nissan', 'Micra', 39.00),
 ('Nissan', 'Qashqai', 84.00),
 ('Dacia', 'Sandero', 32.00),
 ('Dacia', 'Duster', 70.00),
 ('Jeep', 'Renegade', 82.00),
 ('Jeep', 'Compass', 95.00),
 ('Tesla', 'Model 3', 140.00),
 ('Tesla', 'Model Y', 155.00),
 ('Volvo', 'XC40', 110.00),
 ('Volvo', 'XC60', 135.00),
 ('Mazda', 'CX-30', 78.00),
 ('Mazda', 'MX-5', 120.00),
 ('Suzuki', 'Swift', 40.00),
 ('Suzuki', 'Vitara', 73.00),
 ('Seat', 'Ibiza', 42.00),
 ('Seat', 'Leon', 59.00),
 ('Skoda', 'Fabia', 41.00),
 ('Skoda', 'Octavia', 67.00),
 ('Mini', 'Cooper', 76.00),
 ('Mini', 'Countryman', 98.00),
 ('Porsche', '911', 280.00),
 ('Porsche', 'Cayenne', 250.00),
 ('Ferrari', 'Roma', 650.00),
 ('Ferrari', 'Portofino', 700.00),
 ('Lamborghini', 'Huracan', 850.00),
 ('Maserati', 'Ghibli', 220.00),
 ('Maserati', 'Levante', 260.00),
 ('Iveco', 'Daily', 120.00),
 ('Ford', 'Transit', 110.00),
 ('Mercedes', 'Sprinter', 130.00),
 ('Volkswagen', 'Transporter', 115.00),
 ('Piaggio', 'Liberty 125', 20.00),
 ('Piaggio', 'Beverly 300', 28.00),
 ('Yamaha', 'MT-07', 45.00),
 ('Yamaha', 'Tracer 9', 65.00),
 ('Honda', 'SH 125', 24.00),
 ('Honda', 'Africa Twin', 75.00),
 ('Ducati', 'Monster', 90.00),
 ('Ducati', 'Multistrada V4', 130.00),
 ('Kawasaki', 'Z900', 80.00);

 --veicolo
 INSERT INTO Veicolo(Targa, Chilometraggio, AnnoImmatricolazione, Potenza, TipoAlimentazione, Stato, TariffarioMarca, TariffarioModello, Filiale) VALUES
 ('AB123CD', 18234, '2021-03-15', 69, 'BENZINA', 'DISPONIBILE', 'Fiat', 'Panda', 1),
 ('EF456GH', 27450, '2020-06-10', 70, 'IBRIDO', 'DISPONIBILE', 'Toyota', 'Yaris', 2),
 ('IJ789KL', 35890, '2019-09-21', 95, 'DIESEL', 'NOLEGGIATO', 'Volkswagen', 'Golf', 3),
 ('MN234OP', 11200, '2023-01-08', 67, 'BENZINA', 'DISPONIBILE', 'Hyundai', 'i10', 4),
 ('QR567ST', 42110, '2018-11-19', 120, 'DIESEL', 'MANUTENZIONE', 'Ford', 'Focus', 5),
 ('UV890WX', 9800, '2024-02-14', 118, 'IBRIDO', 'DISPONIBILE', 'Renault', 'Captur', 5),
 ('YZ135AB', 50123, '2017-05-27', 136, 'DIESEL', 'NOLEGGIATO', 'BMW', 'Serie 1', 4),
 ('CD246EF', 22340, '2022-04-11', 95, 'BENZINA', 'DISPONIBILE', 'Peugeot', '208', 2),
 ('GH357IJ', 16780, '2021-07-30', 83, 'GPL', 'DISPONIBILE', 'Kia', 'Picanto', 4),
 ('KL468MN', 61500, '2016-10-03', 150, 'DIESEL', 'NOLEGGIATO', 'Audi', 'A3', 2),
 ('OP579QR', 19450, '2023-05-16', 110, 'BENZINA', 'DISPONIBILE', 'Seat', 'Leon', 3),
 ('ST680UV', 28760, '2020-12-22', 101, 'IBRIDO', 'DISPONIBILE', 'Honda', 'Civic', 1),
 ('WX791YZ', 33210, '2019-08-09', 130, 'DIESEL', 'MANUTENZIONE', 'Jeep', 'Renegade', 4),
 ('ZA802BC', 14670, '2022-09-01', 72, 'BENZINA', 'DISPONIBILE', 'Suzuki', 'Swift', 3),
 ('DE913FG', 45890, '2018-02-18', 156, 'DIESEL', 'NOLEGGIATO', 'Mercedes', 'Classe A', 2),
 ('HI124JK', 21030, '2021-01-20', 70, 'BENZINA', 'DISPONIBILE', 'Fiat', '500', 1),
 ('LM235NO', 38420, '2019-04-17', 122, 'DIESEL', 'NOLEGGIATO', 'Skoda', 'Octavia', 3),
 ('PQ346RS', 9250, '2024-03-05', 83, 'BENZINA', 'DISPONIBILE', 'Citroen', 'C3', 3),
 ('TU457VW', 27610, '2020-07-12', 90, 'GPL', 'DISPONIBILE', 'Dacia', 'Sandero', 5),
 ('XY568ZA', 53980, '2017-06-29', 150, 'DIESEL', 'MANUTENZIONE', 'Volkswagen', 'Tiguan', 5),
 ('BC679DE', 12870, '2023-10-14', 116, 'IBRIDO', 'DISPONIBILE', 'Toyota', 'Corolla', 1),
 ('FG780HI', 46750, '2018-12-01', 140, 'DIESEL', 'NOLEGGIATO', 'Ford', 'Kuga', 2),
 ('JK891LM', 30140, '2020-05-26', 100, 'BENZINA', 'DISPONIBILE', 'Opel', 'Corsa', 4),
 ('NO902PQ', 24880, '2021-11-07', 84, 'BENZINA', 'DISPONIBILE', 'Nissan', 'Micra', 2),
 ('RS013TU', 61420, '2016-09-15', 190, 'DIESEL', 'NOLEGGIATO', 'Alfa Romeo', 'Giulia', 2),
 ('VW124XY', 17300, '2022-06-04', 150, 'ELETTRICO', 'DISPONIBILE', 'Tesla', 'Model 3', 5),
 ('ZA235CD', 35510, '2019-03-28', 131, 'DIESEL', 'DISPONIBILE', 'Mazda', 'CX-30', 4),
 ('EF346GH', 20870, '2021-08-19', 110, 'BENZINA', 'DISPONIBILE', 'Fiat', 'Tipo', 3),
 ('IJ457KL', 8900, '2024-01-30', 71, 'IBRIDO', 'DISPONIBILE', 'Lancia', 'Ypsilon', 3),
 ('MN568OP', 48720, '2018-07-23', 163, 'DIESEL', 'MANUTENZIONE', 'BMW', 'Serie 3', 1),
 ('QR679ST', 13950, '2023-02-11', 95, 'BENZINA', 'DISPONIBILE', 'Volkswagen', 'Polo', 1),
 ('UV780WX', 26980, '2020-10-18', 120, 'IBRIDO', 'DISPONIBILE', 'Toyota', 'Yaris', 2),
 ('YZ891AB', 57930, '2017-01-09', 177, 'DIESEL', 'NOLEGGIATO', 'Audi', 'Q5', 3),
 ('CD902EF', 31840, '2019-06-24', 130, 'BENZINA', 'DISPONIBILE', 'Mini', 'Cooper', 4),
 ('GH013IJ', 15260, '2022-12-13', 100, 'GPL', 'DISPONIBILE', 'Seat', 'Ibiza', 5),
 ('KL124MN', 44310, '2018-04-02', 130, 'DIESEL', 'NOLEGGIATO', 'Honda', 'HR-V', 4),
 ('OP235QR', 10120, '2024-05-07', 67, 'BENZINA', 'DISPONIBILE', 'Kia', 'Picanto', 2),
 ('ST346UV', 39150, '2019-09-16', 110, 'DIESEL', 'MANUTENZIONE', 'Opel', 'Mokka', 3),
 ('WX457YZ', 22730, '2021-03-22', 125, 'IBRIDO', 'DISPONIBILE', 'Renault', 'Clio', 1),
 ('AB568CE', 62480, '2016-11-05', 160, 'DIESEL', 'NOLEGGIATO', 'Mercedes', 'Classe C', 1),
 ('DF679GI', 18190, '2022-07-27', 109, 'BENZINA', 'DISPONIBILE', 'Peugeot', '208', 3),
 ('HJ780LK', 29460, '2020-01-14', 116, 'BENZINA', 'DISPONIBILE', 'Suzuki', 'Vitara', 3),
 ('MN891PR', 33820, '2019-12-08', 150, 'DIESEL', 'NOLEGGIATO', 'Jeep', 'Compass', 2),
 ('QT902SV', 11740, '2023-06-17', 83, 'BENZINA', 'DISPONIBILE', 'Hyundai', 'i10', 4),
 ('WX013ZA', 47110, '2018-08-26', 150, 'DIESEL', 'MANUTENZIONE', 'Volkswagen', 'Transporter', 3),
 ('BA124DC', 8350, '2024-04-03', 11, 'BENZINA', 'DISPONIBILE', 'Piaggio', 'Liberty 125', 1),
 ('ED235GF', 14200, '2023-03-19', 25, 'BENZINA', 'DISPONIBILE', 'Honda', 'SH 125', 2),
 ('IH346KJ', 26780, '2021-05-08', 48, 'BENZINA', 'NOLEGGIATO', 'Yamaha', 'MT-07', 3),
 ('ML457ON', 31950, '2020-08-25', 111, 'BENZINA', 'DISPONIBILE', 'Ducati', 'Monster', 5),
 ('QP568SR', 22890, '2022-01-11', 95, 'BENZINA', 'DISPONIBILE', 'Kawasaki', 'Z900', 5),
 ('UT679WV', 17650, '2022-11-29', 30, 'BENZINA', 'DISPONIBILE', 'Piaggio', 'Beverly 300', 5),
 ('YX780AZ', 40110, '2019-07-14', 102, 'BENZINA', 'MANUTENZIONE', 'Honda', 'Africa Twin', 1),
 ('CB891ED', 29330, '2020-02-06', 119, 'BENZINA', 'NOLEGGIATO', 'Yamaha', 'Tracer 9', 2),
 ('GF902IH', 35770, '2019-10-20', 170, 'BENZINA', 'DISPONIBILE', 'Ducati', 'Multistrada V4', 3),
 ('JK013LM', 5120, '2024-06-01', 11, 'BENZINA', 'DISPONIBILE', 'Piaggio', 'Liberty 125', 1),
 ('NP124QR', 43880, '2018-03-13', 136, 'DIESEL', 'NOLEGGIATO', 'Ford', 'Transit', 4),
 ('ST235UV', 52240, '2017-09-09', 156, 'DIESEL', 'NOLEGGIATO', 'Iveco', 'Daily', 5),
 ('WX346YZ', 48790, '2018-06-28', 170, 'DIESEL', 'MANUTENZIONE', 'Mercedes', 'Sprinter', 2),
 ('ZA457BC', 36670, '2019-11-12', 150, 'DIESEL', 'DISPONIBILE', 'Volkswagen', 'Transporter', 1),
 ('DE568FG', 24800, '2021-04-30', 136, 'DIESEL', 'DISPONIBILE', 'Ford', 'Transit', 1),
 ('HI679JK', 19560, '2022-08-21', 156, 'DIESEL', 'DISPONIBILE', 'Iveco', 'Daily', 4),
 ('LM780NO', 54120, '2017-02-05', 170, 'DIESEL', 'NOLEGGIATO', 'Mercedes', 'Sprinter', 3),
 ('PQ891RS', 31240, '2020-09-18', 150, 'DIESEL', 'DISPONIBILE', 'Volkswagen', 'Transporter', 2),
 ('TU902VW', 27830, '2021-12-02', 136, 'DIESEL', 'DISPONIBILE', 'Ford', 'Transit', 4),
 ('XY013ZA', 42390, '2018-05-15', 156, 'DIESEL', 'MANUTENZIONE', 'Iveco', 'Daily', 2),
 ('BC124DE', 16270, '2022-02-23', 83, 'BENZINA', 'DISPONIBILE', 'Suzuki', 'Swift', 4),
 ('FG235HI', 28710, '2020-03-31', 95, 'BENZINA', 'DISPONIBILE', 'Citroen', 'C3', 3),
 ('JK346LM', 34950, '2019-01-17', 110, 'DIESEL', 'NOLEGGIATO', 'Fiat', 'Tipo', 2),
 ('NO457PQ', 12140, '2023-09-06', 71, 'IBRIDO', 'DISPONIBILE', 'Lancia', 'Ypsilon', 2),
 ('RS568TU', 45980, '2018-10-11', 130, 'DIESEL', 'MANUTENZIONE', 'Mazda', 'CX-30', 4),
 ('VW679XY', 17620, '2022-05-28', 100, 'BENZINA', 'DISPONIBILE', 'Skoda', 'Fabia', 5),
 ('ZA780CD', 39110, '2019-07-07', 150, 'DIESEL', 'NOLEGGIATO', 'Mini', 'Countryman', 4),
 ('EF891GH', 26840, '2020-11-16', 110, 'BENZINA', 'DISPONIBILE', 'Renault', 'Clio', 3),
 ('IJ902KL', 15430, '2023-04-12', 84, 'BENZINA', 'DISPONIBILE', 'Nissan', 'Micra', 1),
 ('MN013OP', 52350, '2017-08-24', 160, 'DIESEL', 'NOLEGGIATO', 'BMW', 'X3', 5),
 ('QR124ST', 21870, '2021-06-09', 116, 'BENZINA', 'DISPONIBILE', 'Seat', 'Leon', 1),
 ('UV235WX', 33480, '2019-02-27', 131, 'DIESEL', 'NOLEGGIATO', 'Hyundai', 'Tucson', 2),
 ('YZ346AB', 12760, '2023-07-03', 95, 'BENZINA', 'DISPONIBILE', 'Opel', 'Corsa', 3),
 ('CD457EF', 44690, '2018-09-19', 150, 'DIESEL', 'MANUTENZIONE', 'Jeep', 'Renegade', 4),
 ('GH568IJ', 20310, '2021-10-05', 122, 'IBRIDO', 'DISPONIBILE', 'Toyota', 'Corolla', 5),
 ('KL679MN', 37200, '2019-05-10', 150, 'ELETTRICO', 'NOLEGGIATO', 'Tesla', 'Model 3', 1),
 ('OP780QR', 9150, '2024-02-27', 67, 'BENZINA', 'DISPONIBILE', 'Fiat', 'Panda', 2),
 ('ST891UV', 26030, '2020-08-08', 100, 'GPL', 'DISPONIBILE', 'Dacia', 'Sandero', 3),
 ('WX902YZ', 48860, '2018-01-31', 156, 'DIESEL', 'NOLEGGIATO', 'Mercedes', 'Classe A', 4),
 ('AB013CF', 31190, '2020-12-15', 120, 'BENZINA', 'DISPONIBILE', 'Peugeot', '3008', 5),
 ('DG124EH', 14380, '2023-03-01', 72, 'BENZINA', 'DISPONIBILE', 'Seat', 'Ibiza', 1),
 ('FI235GL', 28740, '2020-04-14', 110, 'BENZINA', 'DISPONIBILE', 'Ford', 'Focus', 2),
 ('HK346IM', 39810, '2019-06-06', 140, 'DIESEL', 'NOLEGGIATO', 'Honda', 'HR-V', 3),
 ('JN457KO', 17600, '2022-11-18', 83, 'GPL', 'DISPONIBILE', 'Kia', 'Picanto', 4),
 ('LP568MQ', 52420, '2017-07-29', 190, 'DIESEL', 'MANUTENZIONE', 'Audi', 'A3', 5),
 ('NR679OS', 24150, '2021-09-09', 95, 'BENZINA', 'DISPONIBILE', 'Suzuki', 'Swift', 1),
 ('PT780QU', 35690, '2019-10-26', 130, 'DIESEL', 'NOLEGGIATO', 'Mazda', 'CX-30', 2),
 ('RV891SW', 10870, '2024-01-13', 70, 'IBRIDO', 'DISPONIBILE', 'Toyota', 'Yaris', 3),
 ('TX902UY', 46980, '2018-03-22', 150, 'DIESEL', 'NOLEGGIATO', 'Volkswagen', 'Tiguan', 4),
 ('VZ013XA', 29950, '2020-06-17', 100, 'BENZINA', 'DISPONIBILE', 'Skoda', 'Fabia', 5),
 ('CB124AF', 13920, '2023-05-05', 11, 'BENZINA', 'DISPONIBILE', 'Piaggio', 'Liberty 125', 1),
 ('ED235CH', 22480, '2022-02-28', 30, 'BENZINA', 'DISPONIBILE', 'Piaggio', 'Beverly 300', 2),
 ('GF346EJ', 34110, '2020-07-21', 48, 'BENZINA', 'NOLEGGIATO', 'Yamaha', 'MT-07', 3),
 ('HI457GL', 29260, '2021-03-03', 111, 'BENZINA', 'DISPONIBILE', 'Ducati', 'Monster', 4),
 ('JK568IN', 18550, '2022-10-10', 95, 'BENZINA', 'DISPONIBILE', 'Kawasaki', 'Z900', 5),
 ('LM679KP', 24890, '2021-12-19', 25, 'BENZINA', 'DISPONIBILE', 'Honda', 'SH 125', 1),
 ('NO780MR', 40230, '2019-08-04', 102, 'BENZINA', 'MANUTENZIONE', 'Honda', 'Africa Twin', 2),
 ('PQ891OT', 31990, '2020-11-11', 119, 'BENZINA', 'NOLEGGIATO', 'Yamaha', 'Tracer 9', 3),
 ('RS902QV', 36710, '2019-09-30', 170, 'BENZINA', 'DISPONIBILE', 'Ducati', 'Multistrada V4', 4),
 ('TU013SX', 8420, '2024-04-24', 11, 'BENZINA', 'DISPONIBILE', 'Piaggio', 'Liberty 125', 5),
 ('VW124UZ', 44900, '2018-02-12', 136, 'DIESEL', 'NOLEGGIATO', 'Ford', 'Transit', 1),
 ('XY235WB', 53760, '2017-05-20', 156, 'DIESEL', 'NOLEGGIATO', 'Iveco', 'Daily', 2),
 ('ZA346YD', 49830, '2018-10-09', 170, 'DIESEL', 'MANUTENZIONE', 'Mercedes', 'Sprinter', 3),
 ('BC457AF', 38890, '2019-12-14', 150, 'DIESEL', 'DISPONIBILE', 'Volkswagen', 'Transporter', 4),
 ('DE568CH', 27640, '2021-02-22', 136, 'DIESEL', 'DISPONIBILE', 'Ford', 'Transit', 5),
 ('FG679EJ', 21350, '2022-09-17', 156, 'DIESEL', 'DISPONIBILE', 'Iveco', 'Daily', 1),
 ('HI780GL', 55690, '2017-01-25', 170, 'DIESEL', 'NOLEGGIATO', 'Mercedes', 'Sprinter', 2),
 ('JK891IN', 33420, '2020-03-18', 150, 'DIESEL', 'DISPONIBILE', 'Volkswagen', 'Transporter', 3),
 ('LM902KP', 28460, '2021-07-01', 136, 'DIESEL', 'DISPONIBILE', 'Ford', 'Transit', 4),
 ('NO013MR', 44130, '2018-06-13', 156, 'DIESEL', 'MANUTENZIONE', 'Iveco', 'Daily', 5),
 ('PR124OT', 17120, '2022-03-27', 95, 'BENZINA', 'DISPONIBILE', 'Citroen', 'C3', 1),
 ('QT235QV', 29870, '2020-01-09', 110, 'BENZINA', 'DISPONIBILE', 'Fiat', 'Tipo', 2),
 ('SV346SX', 13240, '2023-08-16', 71, 'IBRIDO', 'DISPONIBILE', 'Lancia', 'Ypsilon', 3),
 ('UX457UZ', 46220, '2018-04-07', 130, 'DIESEL', 'MANUTENZIONE', 'Mazda', 'CX-30', 4),
 ('WZ568WB', 18810, '2022-05-30', 80, 'BENZINA', 'DISPONIBILE', 'Skoda', 'Fabia', 5),
 ('AB679YD', 40980, '2019-11-22', 150, 'DIESEL', 'NOLEGGIATO', 'Mini', 'Countryman', 1),
 ('CD780AF', 28160, '2020-09-04', 90, 'BENZINA', 'DISPONIBILE', 'Renault', 'Clio', 2),
 ('EF891CH', 16630, '2023-01-26', 84, 'BENZINA', 'DISPONIBILE', 'Nissan', 'Micra', 3),
 ('GH902EJ', 53410, '2017-10-12', 249, 'DIESEL', 'NOLEGGIATO', 'BMW', 'X3', 4),
 ('IJ013GL', 22940, '2021-06-20', 116, 'BENZINA', 'DISPONIBILE', 'Seat', 'Leon', 5),
 ('KL124IN', 34760, '2019-02-03', 136, 'DIESEL', 'NOLEGGIATO', 'Hyundai', 'Tucson', 1),
 ('MN235KP', 14580, '2023-07-27', 75, 'BENZINA', 'DISPONIBILE', 'Opel', 'Corsa', 2),
 ('OP346MR', 45470, '2018-08-08', 130, 'DIESEL', 'MANUTENZIONE', 'Jeep', 'Renegade', 3),
 ('QR457OT', 21820, '2021-10-16', 122, 'IBRIDO', 'DISPONIBILE', 'Toyota', 'Corolla', 4),
 ('ST568QV', 38190, '2019-04-25', 150, 'ELETTRICO', 'NOLEGGIATO', 'Tesla', 'Model 3', 5),
 ('UV679SX', 10110, '2024-03-12', 70, 'BENZINA', 'DISPONIBILE', 'Fiat', '500', 1),
 ('WX780UZ', 27140, '2020-07-06', 100, 'GPL', 'DISPONIBILE', 'Dacia', 'Sandero', 2),
 ('YZ891WB', 49760, '2018-02-18', 116, 'DIESEL', 'NOLEGGIATO', 'Mercedes', 'Classe A', 3),
 ('ZA902YD', 32620, '2020-11-23', 131, 'BENZINA', 'DISPONIBILE', 'Peugeot', '3008', 4),
 ('BC013AF', 15460, '2023-05-09', 80, 'BENZINA', 'DISPONIBILE', 'Seat', 'Ibiza', 5),
 ('DE124CH', 30190, '2020-06-02', 125, 'BENZINA', 'DISPONIBILE', 'Ford', 'Focus', 1),
 ('FG235EJ', 41230, '2019-08-28', 131, 'DIESEL', 'NOLEGGIATO', 'Honda', 'HR-V', 2),
 ('HI346GL', 18470, '2022-12-06', 67, 'BENZINA', 'DISPONIBILE', 'Kia', 'Picanto', 3),
 ('JK457IN', 54880, '2017-09-14', 150, 'DIESEL', 'MANUTENZIONE', 'Audi', 'A1', 4),
 ('LM568KP', 25960, '2021-03-29', 83, 'BENZINA', 'DISPONIBILE', 'Suzuki', 'Swift', 5),
 ('NO679MR', 36640, '2019-12-17', 122, 'DIESEL', 'NOLEGGIATO', 'Mazda', 'CX-30', 1),
 ('PQ780OT', 11980, '2024-01-05', 70, 'IBRIDO', 'DISPONIBILE', 'Toyota', 'Yaris', 2),
 ('RS891QV', 47220, '2018-06-26', 150, 'DIESEL', 'NOLEGGIATO', 'Volkswagen', 'Tiguan', 3),
 ('TU902SX', 28770, '2020-04-13', 95, 'BENZINA', 'DISPONIBILE', 'Skoda', 'Fabia', 4),
 ('VW013UZ', 13640, '2023-02-02', 11, 'BENZINA', 'DISPONIBILE', 'Piaggio', 'Liberty 125', 5),
 ('XY124WB', 23650, '2022-01-19', 30, 'BENZINA', 'DISPONIBILE', 'Piaggio', 'Beverly 300', 1),
 ('ZA235YD', 35490, '2020-10-27', 48, 'BENZINA', 'NOLEGGIATO', 'Yamaha', 'MT-07', 2),
 ('BC346AF', 30410, '2021-05-14', 111, 'BENZINA', 'DISPONIBILE', 'Ducati', 'Monster', 3),
 ('DE457CH', 19320, '2022-09-25', 95, 'BENZINA', 'DISPONIBILE', 'Kawasaki', 'Z900', 4),
 ('FG568EJ', 26140, '2021-11-30', 25, 'BENZINA', 'DISPONIBILE', 'Honda', 'SH 125', 5),
 ('HI679GL', 41860, '2019-07-19', 102, 'BENZINA', 'MANUTENZIONE', 'Honda', 'Africa Twin', 1),
 ('JK780IN', 32880, '2020-12-07', 119, 'BENZINA', 'NOLEGGIATO', 'Yamaha', 'Tracer 9', 2),
 ('LM891KP', 37630, '2019-09-03', 170, 'BENZINA', 'DISPONIBILE', 'Ducati', 'Multistrada V4', 3),
 ('NO902MR', 9210, '2024-05-18', 11, 'BENZINA', 'DISPONIBILE', 'Piaggio', 'Liberty 125', 4),
 ('PQ013OT', 46370, '2018-03-24', 136, 'DIESEL', 'NOLEGGIATO', 'Ford', 'Transit', 5),
 ('RS124QV', 54810, '2017-06-11', 156, 'DIESEL', 'NOLEGGIATO', 'Iveco', 'Daily', 1),
 ('TU235SX', 50720, '2018-11-27', 170, 'DIESEL', 'MANUTENZIONE', 'Mercedes', 'Sprinter', 2),
 ('VW346UZ', 39740, '2019-10-06', 150, 'DIESEL', 'DISPONIBILE', 'Volkswagen', 'Transporter', 3),
 ('XY457WB', 28930, '2021-01-21', 136, 'DIESEL', 'DISPONIBILE', 'Ford', 'Transit', 4),
 ('ZA568YD', 22670, '2022-08-05', 156, 'DIESEL', 'DISPONIBILE', 'Iveco', 'Daily', 5),
 ('BC679AF', 56320, '2017-02-17', 170, 'DIESEL', 'NOLEGGIATO', 'Mercedes', 'Sprinter', 1),
 ('DE780CH', 34150, '2020-04-01', 150, 'DIESEL', 'DISPONIBILE', 'Volkswagen', 'Transporter', 2),
 ('FG891EJ', 29780, '2021-06-12', 136, 'DIESEL', 'DISPONIBILE', 'Ford', 'Transit', 3),
 ('HI902GL', 45260, '2018-07-30', 156, 'DIESEL', 'DISPONIBILE', 'Iveco', 'Daily', 4),
 ('JK013IN', 18790, '2022-04-26', 95, 'BENZINA', 'DISPONIBILE', 'Citroen', 'C3', 5),
 ('LM124KP', 31270, '2020-02-15', 95, 'BENZINA', 'DISPONIBILE', 'Fiat', 'Panda', 1),
 ('NO235MR', 14490, '2023-09-10', 71, 'IBRIDO', 'DISPONIBILE', 'Lancia', 'Ypsilon', 2),
 ('PQ346OT', 47810, '2018-05-05', 130, 'DIESEL', 'MANUTENZIONE', 'Mazda', 'CX-30', 3),
 ('RS457QV', 20140, '2021-12-09', 80, 'BENZINA', 'DISPONIBILE', 'Skoda', 'Fabia', 4),
 ('TU568SX', 42130, '2019-03-16', 150, 'DIESEL', 'NOLEGGIATO', 'Mini', 'Countryman', 5),
 ('VW679UZ', 29650, '2020-08-29', 90, 'BENZINA', 'DISPONIBILE', 'Renault', 'Clio', 1),
 ('XY780WB', 17440, '2023-01-07', 84, 'BENZINA', 'DISPONIBILE', 'Nissan', 'Micra', 2),
 ('ZA891YD', 54620, '2017-11-13', 249, 'DIESEL', 'NOLEGGIATO', 'BMW', 'X3', 3),
 ('BC902AF', 23870, '2021-07-02', 116, 'BENZINA', 'DISPONIBILE', 'Seat', 'Leon', 4),
 ('DE013CH', 35960, '2019-01-30', 136, 'DIESEL', 'NOLEGGIATO', 'Hyundai', 'Tucson', 5),
 ('FG124EJ', 15210, '2023-06-15', 75, 'BENZINA', 'DISPONIBILE', 'Opel', 'Corsa', 1),
 ('HI235GL', 46780, '2018-09-02', 130, 'DIESEL', 'MANUTENZIONE', 'Jeep', 'Renegade', 2),
 ('JK346IN', 22760, '2021-11-20', 122, 'IBRIDO', 'DISPONIBILE', 'Toyota', 'Corolla', 3),
 ('LM457KP', 38920, '2019-04-08', 150, 'ELETTRICO', 'NOLEGGIATO', 'Tesla', 'Model 3', 4),
 ('NO568MR', 10840, '2024-02-09', 70, 'BENZINA', 'DISPONIBILE', 'Fiat', '500', 5),
 ('PQ679OT', 28170, '2020-06-23', 100, 'GPL', 'DISPONIBILE', 'Dacia', 'Sandero', 1),
 ('RS780QV', 50340, '2018-01-12', 116, 'DIESEL', 'NOLEGGIATO', 'Mercedes', 'Classe A', 2),
 ('TU891SX', 33150, '2020-10-10', 131, 'BENZINA', 'DISPONIBILE', 'Peugeot', '3008', 3),
 ('VW902UZ', 16380, '2023-03-04', 80, 'BENZINA', 'DISPONIBILE', 'Seat', 'Ibiza', 4),
 ('XY013WB', 30820, '2020-05-19', 125, 'BENZINA', 'DISPONIBILE', 'Ford', 'Focus', 5),
 ('ZA124YD', 42760, '2019-07-01', 131, 'DIESEL', 'NOLEGGIATO', 'Honda', 'HR-V', 1),
 ('BC235AF', 19230, '2022-12-20', 67, 'BENZINA', 'DISPONIBILE', 'Kia', 'Picanto', 2),
 ('DE346CH', 55980, '2017-08-18', 150, 'DIESEL', 'MANUTENZIONE', 'Audi', 'A1', 3),
 ('FG457EJ', 26490, '2021-02-16', 83, 'BENZINA', 'DISPONIBILE', 'Suzuki', 'Swift', 4),
 ('HI568GL', 37120, '2019-11-28', 122, 'DIESEL', 'NOLEGGIATO', 'Mazda', 'CX-30', 5),
 ('JK679IN', 12610, '2024-01-28', 70, 'IBRIDO', 'DISPONIBILE', 'Toyota', 'Yaris', 1),
 ('LM780KP', 48190, '2018-04-14', 150, 'DIESEL', 'NOLEGGIATO', 'Volkswagen', 'Tiguan', 2),
 ('NO891MR', 29570, '2020-03-11', 95, 'BENZINA', 'DISPONIBILE', 'Skoda', 'Fabia', 3),
 ('PQ902OT', 14120, '2023-02-22', 11, 'BENZINA', 'DISPONIBILE', 'Piaggio', 'Liberty 125', 4),
 ('RS013QV', 24180, '2022-02-04', 30, 'BENZINA', 'DISPONIBILE', 'Piaggio', 'Beverly 300', 5),
 ('FR911AA', 14820, '2021-05-10', 331, 'BENZINA', 'DISPONIBILE', 'Porsche', '911', 1),
('PC250BB', 27640, '2020-09-18', 250, 'BENZINA', 'DISPONIBILE', 'Porsche', 'Cayenne', 2),
('FR650CC', 9820, '2022-03-22', 456, 'BENZINA', 'DISPONIBILE', 'Ferrari', 'Roma', 1),
('FP700DD', 12150, '2021-11-04', 456, 'BENZINA', 'DISPONIBILE', 'Ferrari', 'Portofino', 1),
('MS260EE', 20300, '2020-06-15', 257, 'BENZINA', 'NOLEGGIATO', 'Maserati', 'Levante', 4);


 INSERT INTO Automobile (Veicolo, Tipologia, NumeroPorte) VALUES
 ('AB123CD', 'UTILITARIA', 5),
 ('EF456GH', 'UTILITARIA', 5),
 ('IJ789KL', 'BERLINA', 5),
 ('MN234OP', 'UTILITARIA', 5),
 ('QR567ST', 'BERLINA', 5),
 ('UV890WX', 'SUV', 5),
 ('YZ135AB', 'BERLINA', 5),
 ('CD246EF', 'UTILITARIA', 5),
 ('GH357IJ', 'UTILITARIA', 5),
 ('KL468MN', 'BERLINA', 5),
 ('OP579QR', 'BERLINA', 5),
 ('ST680UV', 'BERLINA', 5),
 ('WX791YZ', 'SUV', 5),
 ('ZA802BC', 'UTILITARIA', 5),
 ('DE913FG', 'BERLINA', 5),
 ('HI124JK', 'UTILITARIA', 3),
 ('LM235NO', 'STATION WAGON', 5),
 ('PQ346RS', 'UTILITARIA', 5),
 ('TU457VW', 'UTILITARIA', 5),
 ('XY568ZA', 'SUV', 5),
 ('BC679DE', 'BERLINA', 5),
 ('FG780HI', 'SUV', 5),
 ('JK891LM', 'UTILITARIA', 5),
 ('NO902PQ', 'UTILITARIA', 5),
 ('RS013TU', 'BERLINA', 5),
 ('VW124XY', 'BERLINA', 5),
 ('ZA235CD', 'SUV', 5),
 ('EF346GH', 'BERLINA', 5),
 ('IJ457KL', 'UTILITARIA', 5),
 ('MN568OP', 'BERLINA', 5),
 ('QR679ST', 'UTILITARIA', 5),
 ('UV780WX', 'UTILITARIA', 5),
 ('YZ891AB', 'SUV', 5),
 ('CD902EF', 'UTILITARIA', 3),
 ('GH013IJ', 'UTILITARIA', 5),
 ('KL124MN', 'SUV', 5),
 ('OP235QR', 'UTILITARIA', 5),
 ('ST346UV', 'SUV', 5),
 ('WX457YZ', 'UTILITARIA', 5),
 ('AB568CE', 'BERLINA', 5),
 ('DF679GI', 'UTILITARIA', 5),
 ('HJ780LK', 'SUV', 5),
 ('MN891PR', 'SUV', 5),
 ('QT902SV', 'UTILITARIA', 5),
 ('BC124DE', 'UTILITARIA', 5),
 ('FG235HI', 'UTILITARIA', 5),
 ('JK346LM', 'BERLINA', 5),
 ('NO457PQ', 'UTILITARIA', 5),
 ('RS568TU', 'SUV', 5),
 ('VW679XY', 'UTILITARIA', 5),
 ('ZA780CD', 'SUV', 5),
 ('EF891GH', 'UTILITARIA', 5),
 ('IJ902KL', 'UTILITARIA', 5),
 ('MN013OP', 'SUV', 5),
 ('QR124ST', 'BERLINA', 5),
 ('UV235WX', 'SUV', 5),
 ('YZ346AB', 'UTILITARIA', 5),
 ('CD457EF', 'SUV', 5),
 ('GH568IJ', 'BERLINA', 5),
 ('KL679MN', 'BERLINA', 5),
 ('OP780QR', 'UTILITARIA', 5),
 ('ST891UV', 'UTILITARIA', 5),
 ('WX902YZ', 'BERLINA', 5),
 ('AB013CF', 'SUV', 5),
 ('DG124EH', 'UTILITARIA', 5),
 ('FI235GL', 'BERLINA', 5),
 ('HK346IM', 'SUV', 5),
 ('JN457KO', 'UTILITARIA', 5),
 ('LP568MQ', 'UTILITARIA', 3),
 ('NR679OS', 'UTILITARIA', 5),
 ('PT780QU', 'SUV', 5),
 ('RV891SW', 'UTILITARIA', 5),
 ('TX902UY', 'SUV', 5),
 ('VZ013XA', 'UTILITARIA', 5),
 ('PR124OT', 'UTILITARIA', 5),
 ('QT235QV', 'BERLINA', 5),
 ('SV346SX', 'UTILITARIA', 5),
 ('UX457UZ', 'SUV', 5),
 ('WZ568WB', 'UTILITARIA', 5),
 ('AB679YD', 'SUV', 5),
 ('CD780AF', 'UTILITARIA', 5),
 ('EF891CH', 'UTILITARIA', 5),
 ('GH902EJ', 'SUV', 5),
 ('IJ013GL', 'BERLINA', 5),
 ('KL124IN', 'SUV', 5),
 ('MN235KP', 'UTILITARIA', 5),
 ('OP346MR', 'SUV', 5),
 ('QR457OT', 'BERLINA', 5),
 ('ST568QV', 'BERLINA', 5),
 ('UV679SX', 'UTILITARIA', 3),
 ('WX780UZ', 'UTILITARIA', 5),
 ('YZ891WB', 'BERLINA', 5),
 ('ZA902YD', 'SUV', 5),
 ('BC013AF', 'UTILITARIA', 5),
 ('DE124CH', 'BERLINA', 5),
 ('FG235EJ', 'SUV', 5),
 ('HI346GL', 'UTILITARIA', 5),
 ('JK457IN', 'UTILITARIA', 3),
 ('LM568KP', 'UTILITARIA', 5),
 ('NO679MR', 'SUV', 5),
 ('PQ780OT', 'UTILITARIA', 5),
 ('RS891QV', 'SUV', 5),
 ('TU902SX', 'UTILITARIA', 5),
 ('JK013IN', 'UTILITARIA', 5),
 ('LM124KP', 'UTILITARIA', 5),
 ('NO235MR', 'UTILITARIA', 5),
 ('PQ346OT', 'SUV', 5),
 ('RS457QV', 'UTILITARIA', 5),
 ('TU568SX', 'SUV', 5),
 ('VW679UZ', 'UTILITARIA', 5),
 ('XY780WB', 'UTILITARIA', 5),
 ('ZA891YD', 'SUV', 5),
 ('BC902AF', 'BERLINA', 5),
 ('DE013CH', 'SUV', 5),
 ('FG124EJ', 'UTILITARIA', 5),
 ('HI235GL', 'SUV', 5),
 ('JK346IN', 'BERLINA', 5),
 ('LM457KP', 'BERLINA', 5),
 ('NO568MR', 'UTILITARIA', 3),
 ('PQ679OT', 'UTILITARIA', 5),
 ('RS780QV', 'BERLINA', 5),
 ('TU891SX', 'SUV', 5),
 ('VW902UZ', 'UTILITARIA', 5),
 ('XY013WB', 'BERLINA', 5),
 ('ZA124YD', 'SUV', 5),
 ('BC235AF', 'UTILITARIA', 5),
 ('DE346CH', 'UTILITARIA', 3),
 ('FG457EJ', 'UTILITARIA', 5),
 ('HI568GL', 'SUV', 5),
 ('JK679IN', 'UTILITARIA', 5),
 ('LM780KP', 'SUV', 5),
 ('NO891MR', 'UTILITARIA', 5),
 ('FR911AA', 'SPORTIVA', 2),
 ('PC250BB', 'SUV', 5),
 ('FR650CC', 'SPORTIVA', 2),
 ('FP700DD', 'CABRIOLET', 2),
 ('MS260EE', 'SUV', 5);

 INSERT INTO Furgone (Veicolo, Volume, PortataUtile) VALUES
 ('WX013ZA', 10, 1200),
 ('NP124QR', 12, 1400),
 ('ST235UV', 14, 1800),
 ('WX346YZ', 14, 1700),
 ('ZA457BC', 12, 1300),
 ('DE568FG', 12, 1400),
 ('HI679JK', 14, 1800),
 ('LM780NO', 14, 1700),
 ('PQ891RS', 12, 1300),
 ('XY013ZA', 14, 1800),
 ('VW124UZ', 12, 1400),
 ('XY235WB', 14, 1800),
 ('ZA346YD', 14, 1700),
 ('BC457AF', 12, 1300),
 ('DE568CH', 12, 1400),
 ('FG679EJ', 14, 1800),
 ('HI780GL', 14, 1700),
 ('JK891IN', 12, 1300),
 ('LM902KP', 12, 1400),
 ('NO013MR', 14, 1800),
 ('PQ013OT', 12, 1400),
 ('RS124QV', 14, 1800),
 ('TU235SX', 14, 1700),
 ('VW346UZ', 12, 1300),
 ('XY457WB', 12, 1400),
 ('ZA568YD', 14, 1800),
 ('BC679AF', 14, 1700),
 ('DE780CH', 12, 1300),
 ('FG891EJ', 12, 1400),
 ('HI902GL', 14, 1800);

 INSERT INTO Moto (Veicolo, Tipologia) VALUES
 ('BA124DC', 'SCOOTER'),
 ('ED235GF', 'SCOOTER'),
 ('IH346KJ', 'NAKED'),
 ('ML457ON', 'NAKED'),
 ('QP568SR', 'NAKED'),
 ('UT679WV', 'SCOOTER'),
 ('YX780AZ', 'ENDURO'),
 ('CB891ED', 'TOURER'),
 ('GF902IH', 'TOURER'),
 ('JK013LM', 'SCOOTER'),
 ('CB124AF', 'CICLOMOTORI'),
 ('ED235CH', 'SCOOTER'),
 ('GF346EJ', 'NAKED'),
 ('HI457GL', 'NAKED'),
 ('JK568IN', 'NAKED'),
 ('LM679KP', 'SCOOTER'),
 ('NO780MR', 'ENDURO'),
 ('PQ891OT', 'TOURER'),
 ('RS902QV', 'TOURER'),
 ('TU013SX', 'CICLOMOTORI'),
 ('VW013UZ', 'CICLOMOTORI'),
 ('XY124WB', 'SCOOTER'),
 ('ZA235YD', 'NAKED'),
 ('BC346AF', 'NAKED'),
 ('DE457CH', 'NAKED'),
 ('FG568EJ', 'SCOOTER'),
 ('HI679GL', 'ENDURO'),
 ('JK780IN', 'TOURER'),
 ('LM891KP', 'TOURER'),
 ('NO902MR', 'CICLOMOTORI'),
 ('PQ902OT', 'CICLOMOTORI'),
 ('RS013QV', 'SCOOTER'),
 ('ZA124YD', 'CICLOMOTORI');


 INSERT INTO Assicurazione (Tipologia, TariffaGiornaliera, Massimale) VALUES
 ('RCA', 12.00, 5000000.00),
 ('FURTO', 8.00, 25000.00),
 ('INCENDIO', 6.00, 20000.00),
 ('CRISTALLI', 4.00, 1500.00),
 ('KASKO', 15.00, 30000.00),
 ('EVENTI NATURALI', 5.00, 10000.00),
 ('ASSISTENZA STRADALE', 3.50, 5000.00),
 ('ATTI VANDALICI', 5.50, 12000.00);

-- Per integrità dei dati consideriamo come data attuale 13/05/26
 INSERT INTO Contratto(ChilometriIniziali, Canone, DataInizio, DataFine, ChilometriFinali, Veicolo, Cliente, Filiale) VALUES
 (35890, 0, '2026-04-06', '2026-05-15', NULL, 'IJ789KL', 4, 1),
 (18234, 0, '2026-01-10', '2026-01-15', 18620, 'AB123CD', 7, 1),
 (27450, 0, '2026-01-12', '2026-01-20', 28110, 'EF456GH', 23, 2),
 (35890, 0, '2026-02-01', '2026-02-07', 36340, 'IJ789KL', 41, 3),
 (11200, 0, '2026-02-05', '2026-02-08', 11490, 'MN234OP', 12, 4),
 (42110, 0, '2026-02-10', '2026-02-18', 42780, 'QR567ST', 58, 5),
 (18620, 0, '2026-03-01', '2026-03-05', 18970, 'AB123CD', 7, 1),
 (22340, 0, '2026-03-03', '2026-03-08', 22710, 'CD246EF', 34, 3),
 (16780, 0, '2026-03-12', '2026-03-15', 17040, 'GH357IJ', 23, 4),
 (61500, 0, '2026-03-20', '2026-03-30', 62360, 'KL468MN', 91, 5),
 (11490, 0, '2026-04-10', '2026-04-12', 11680, 'MN234OP', 64, 4),
(17134, 0, '2025-03-10', '2025-03-18', 17684, 'AB123CD', 14, 1),
(17734, 0, '2025-10-05', '2025-10-14', 18234, 'AB123CD', 37, 1),
(26350, 0, '2025-02-08', '2025-02-16', 26900, 'EF456GH', 22, 2),
(27000, 0, '2025-11-02', '2025-11-11', 27450, 'EF456GH', 58, 2),
(10100, 0, '2025-01-15', '2025-01-20', 10650, 'MN234OP', 11, 4),
(10750, 0, '2025-09-18', '2025-09-24', 11200, 'MN234OP', 46, 4),
(41010, 0, '2025-04-01', '2025-04-12', 41560, 'QR567ST', 63, 5),
(41660, 0, '2025-11-08', '2025-11-20', 42110, 'QR567ST', 91, 5),
(8700, 0, '2025-02-03', '2025-02-08', 9250, 'UV890WX', 17, 5),
(9350, 0, '2025-10-10', '2025-10-16', 9800, 'UV890WX', 84, 5),
(21240, 0, '2025-03-05', '2025-03-12', 21790, 'CD246EF', 29, 2),
(21890, 0, '2025-12-01', '2025-12-09', 22340, 'CD246EF', 119, 2),
(15680, 0, '2025-01-22', '2025-01-28', 16230, 'GH357IJ', 41, 4),
(16330, 0, '2025-09-02', '2025-09-09', 16780, 'GH357IJ', 95, 4),
(18350, 0, '2025-04-14', '2025-04-22', 18900, 'OP579QR', 7, 3),
(19000, 0, '2025-11-15', '2025-11-22', 19450, 'OP579QR', 72, 3),
(27660, 0, '2025-03-03', '2025-03-12', 28210, 'ST680UV', 33, 1),
(28310, 0, '2025-10-21', '2025-10-30', 28760, 'ST680UV', 104, 1),
(13570, 0, '2025-02-10', '2025-02-18', 14120, 'ZA802BC', 18, 3),
(14220, 0, '2025-11-03', '2025-11-11', 14670, 'ZA802BC', 57, 3),
(19930, 0, '2025-03-20', '2025-03-27', 20480, 'HI124JK', 26, 1),
(20580, 0, '2025-12-05', '2025-12-13', 21030, 'HI124JK', 88, 1),
(8150, 0, '2025-01-12', '2025-01-16', 8700, 'PQ346RS', 44, 3),
(8800, 0, '2025-10-04', '2025-10-08', 9250, 'PQ346RS', 121, 3),
(26510, 0, '2025-04-05', '2025-04-14', 27060, 'TU457VW', 31, 5),
(27160, 0, '2025-09-25', '2025-10-03', 27610, 'TU457VW', 77, 5),
(11770, 0, '2025-02-25', '2025-03-04', 12320, 'BC679DE', 9, 1),
(12420, 0, '2025-11-09', '2025-11-17', 12870, 'BC679DE', 66, 1),
(16200, 0, '2025-03-01', '2025-03-08', 16750, 'VW124XY', 23, 5),
(16850, 0, '2025-12-02', '2025-12-10', 17300, 'VW124XY', 109, 5),
(19770, 0, '2025-01-19', '2025-01-27', 20320, 'EF346GH', 35, 3),
(20420, 0, '2025-10-18', '2025-10-26', 20870, 'EF346GH', 83, 3),
(7800, 0, '2025-02-06', '2025-02-10', 8350, 'IJ457KL', 14, 3),
(8450, 0, '2025-12-06', '2025-12-10', 8900, 'IJ457KL', 52, 3),
(12850, 0, '2025-04-09', '2025-04-15', 13400, 'QR679ST', 62, 1),
(13500, 0, '2025-11-24', '2025-11-30', 13950, 'QR679ST', 98, 1),
(30740, 0, '2025-03-14', '2025-03-22', 31290, 'CD902EF', 19, 4),
(31390, 0, '2025-10-12', '2025-10-21', 31840, 'CD902EF', 74, 4),
(14160, 0, '2025-02-28', '2025-03-06', 14710, 'GH013IJ', 28, 5),
(14810, 0, '2025-09-14', '2025-09-21', 15260, 'GH013IJ', 87, 5),
(50123, 0, '2026-04-18', '2026-05-28', NULL, 'YZ135AB', 18, 4),
(61500, 0, '2026-03-22', '2026-06-30', NULL, 'KL468MN', 43, 2),
(45890, 0, '2026-05-02', '2026-05-25', NULL, 'DE913FG', 67, 2),
(38420, 0, '2026-04-05', '2026-06-12', NULL, 'LM235NO', 92, 3),
(46750, 0, '2026-05-07', '2026-05-22', NULL, 'FG780HI', 116, 2),
(61420, 0, '2026-03-28', '2026-07-05', NULL, 'RS013TU', 27, 2),
(57930, 0, '2026-04-12', '2026-06-08', NULL, 'YZ891AB', 54, 3),
(44310, 0, '2026-05-03', '2026-05-31', NULL, 'KL124MN', 81, 4),
(62480, 0, '2026-04-20', '2026-06-20', NULL, 'AB568CE', 105, 1),
(33820, 0, '2026-05-10', '2026-05-24', NULL, 'MN891PR', 131, 2),
(26780, 0, '2026-05-04', '2026-05-19', NULL, 'IH346KJ', 14, 3),
(29330, 0, '2026-04-28', '2026-05-26', NULL, 'CB891ED', 39, 2),
(43880, 0, '2026-04-08', '2026-06-18', NULL, 'NP124QR', 63, 4),
(52240, 0, '2026-03-25', '2026-07-10', NULL, 'ST235UV', 88, 5),
(54120, 0, '2026-04-01', '2026-06-25', NULL, 'LM780NO', 113, 3),
(34950, 0, '2026-05-01', '2026-05-29', NULL, 'JK346LM', 136, 2),
(39110, 0, '2026-04-14', '2026-06-14', NULL, 'ZA780CD', 21, 4),
(52350, 0, '2026-03-30', '2026-07-01', NULL, 'MN013OP', 47, 5),
(33480, 0, '2026-04-25', '2026-05-27', NULL, 'UV235WX', 72, 2),
(37200, 0, '2026-05-06', '2026-05-23', NULL, 'KL679MN', 97, 1),
(48860, 0, '2026-04-22', '2026-06-04', NULL, 'WX902YZ', 122, 4),
(39810, 0, '2026-05-05', '2026-06-01', NULL, 'HK346IM', 7, 3),
(35690, 0, '2026-04-10', '2026-06-16', NULL, 'PT780QU', 31, 2),
(46980, 0, '2026-03-18', '2026-07-20', NULL, 'TX902UY', 58, 4),
(34110, 0, '2026-05-09', '2026-05-21', NULL, 'GF346EJ', 84, 3),
(31990, 0, '2026-04-30', '2026-06-06', NULL, 'PQ891OT', 109, 3),
(44900, 0, '2026-04-03', '2026-06-22', NULL, 'VW124UZ', 134, 1),
(53760, 0, '2026-03-26', '2026-07-15', NULL, 'XY235WB', 17, 2),
(56320, 0, '2026-04-07', '2026-06-28', NULL, 'BC679AF', 44, 1),
(42130, 0, '2026-05-08', '2026-05-30', NULL, 'TU568SX', 69, 5),
(54620, 0, '2026-04-15', '2026-06-24', NULL, 'ZA891YD', 95, 3),
(35960, 0, '2026-05-02', '2026-06-01', NULL, 'DE013CH', 118, 5),
(41230, 0, '2026-04-26', '2026-06-03', NULL, 'FG235EJ', 143, 2),
(36640, 0, '2026-05-04', '2026-05-27', NULL, 'NO679MR', 52, 1),
(48190, 0, '2026-04-19', '2026-06-09', NULL, 'LM780KP', 76, 2),
(50340, 0, '2026-05-07', '2026-05-26', NULL, 'RS780QV', 101, 2),
(42760, 0, '2026-04-24', '2026-06-05', NULL, 'ZA124YD', 126, 1),
(37120, 0, '2026-05-01', '2026-06-07', NULL, 'HI568GL', 33, 5),
(38920, 0, '2026-04-21', '2026-06-15', NULL, 'LM457KP', 61, 4),
(15800, 0, '2024-01-05', '2024-01-09', 16020, 'AB123CD', 12, 1),
(24200, 0, '2024-01-07', '2024-01-12', 24460, 'EF456GH', 37, 2),
(31900, 0, '2024-01-10', '2024-01-18', 32340, 'IJ789KL', 64, 3),
(8200, 0, '2024-01-12', '2024-01-15', 8350, 'MN234OP', 88, 4),
(37200, 0, '2024-01-15', '2024-01-24', 37710, 'QR567ST', 115, 5),
(17100, 0, '2024-01-20', '2024-01-26', 17340, 'CD246EF', 21, 2),
(12400, 0, '2024-01-23', '2024-01-28', 12620, 'GH357IJ', 49, 4),
(56600, 0, '2024-02-01', '2024-02-12', 57180, 'KL468MN', 73, 2),
(14800, 0, '2024-02-03', '2024-02-08', 15040, 'OP579QR', 97, 3),
(23100, 0, '2024-02-07', '2024-02-14', 23420, 'ST680UV', 126, 1),
(10100, 0, '2024-02-10', '2024-02-13', 10260, 'ZA802BC', 14, 3),
(40800, 0, '2024-02-12', '2024-02-22', 41380, 'DE913FG', 42, 2),
(33600, 0, '2024-02-18', '2024-02-28', 34120, 'LM235NO', 68, 3),
(6100, 0, '2024-02-20', '2024-02-22', 6200, 'PQ346RS', 91, 3),
(21800, 0, '2024-02-24', '2024-03-02', 22110, 'TU457VW', 119, 5),
(9400, 0, '2024-03-01', '2024-03-06', 9630, 'BC679DE', 28, 1),
(42100, 0, '2024-03-03', '2024-03-12', 42680, 'FG780HI', 55, 2),
(20200, 0, '2024-03-06', '2024-03-13', 20540, 'NO902PQ', 83, 2),
(54800, 0, '2024-03-10', '2024-03-24', 55620, 'RS013TU', 104, 2),
(12100, 0, '2024-03-15', '2024-03-22', 12440, 'VW124XY', 132, 5),
(28600, 0, '2024-03-18', '2024-03-26', 29020, 'ZA235CD', 18, 4),
(16100, 0, '2024-03-20', '2024-03-27', 16410, 'EF346GH', 45, 3),
(5100, 0, '2024-03-23', '2024-03-25', 5190, 'IJ457KL', 70, 3),
(43600, 0, '2024-03-28', '2024-04-08', 44240, 'MN568OP', 99, 1),
(10600, 0, '2024-04-02', '2024-04-08', 10920, 'QR679ST', 124, 1),
(22800, 0, '2024-04-05', '2024-04-13', 23180, 'UV780WX', 9, 2),
(52100, 0, '2024-04-08', '2024-04-22', 52940, 'YZ891AB', 34, 3),
(25300, 0, '2024-04-12', '2024-04-20', 25720, 'CD902EF', 61, 4),
(11000, 0, '2024-04-15', '2024-04-21', 11280, 'GH013IJ', 87, 5),
(37800, 0, '2024-04-18', '2024-04-29', 38420, 'KL124MN', 113, 4),
(7200, 0, '2024-04-22', '2024-04-24', 7300, 'OP235QR', 17, 2),
(30500, 0, '2024-04-25', '2024-05-04', 30980, 'ST346UV', 43, 3),
(15400, 0, '2024-04-28', '2024-05-05', 15740, 'WX457YZ', 66, 1),
(55600, 0, '2024-05-02', '2024-05-16', 56480, 'AB568CE', 92, 1),
(12600, 0, '2024-05-05', '2024-05-11', 12920, 'DF679GI', 121, 3),
(24100, 0, '2024-05-08', '2024-05-15', 24460, 'HJ780LK', 136, 3),
(28900, 0, '2024-05-10', '2024-05-21', 29540, 'MN891PR', 26, 2),
(7900, 0, '2024-05-14', '2024-05-17', 8070, 'QT902SV', 51, 4),
(36600, 0, '2024-05-18', '2024-05-29', 37240, 'NP124QR', 77, 4),
(44800, 0, '2024-05-20', '2024-06-04', 45660, 'ST235UV', 103, 5),
(41200, 0, '2024-05-24', '2024-06-07', 42020, 'WX346YZ', 128, 2),
(30100, 0, '2024-05-28', '2024-06-06', 30590, 'ZA457BC', 13, 1),
(18200, 0, '2024-06-01', '2024-06-08', 18560, 'BC124DE', 38, 4),
(22500, 0, '2024-06-04', '2024-06-12', 22920, 'FG235HI', 65, 3),
(27600, 0, '2024-06-08', '2024-06-18', 28140, 'JK346LM', 89, 2),
(9300, 0, '2024-06-10', '2024-06-14', 9490, 'NO457PQ', 118, 2),
(38700, 0, '2024-06-14', '2024-06-26', 39380, 'ZA780CD', 134, 4),
(46200, 0, '2024-06-18', '2024-07-03', 47080, 'MN013OP', 20, 5),
(24800, 0, '2024-06-22', '2024-07-01', 25240, 'QR124ST', 47, 1),
(28900, 0, '2024-06-25', '2024-07-06', 29480, 'UV235WX', 71, 2),
(7600, 0, '2024-07-01', '2024-07-04', 7730, 'BA124DC', 95, 1),
(13100, 0, '2024-07-03', '2024-07-08', 13360, 'ED235GF', 122, 2),
(24900, 0, '2024-07-06', '2024-07-16', 25480, 'IH346KJ', 15, 3),
(30100, 0, '2024-07-10', '2024-07-20', 30720, 'ML457ON', 41, 5),
(21400, 0, '2024-07-14', '2024-07-22', 21780, 'QP568SR', 69, 5),
(16200, 0, '2024-07-18', '2024-07-25', 16520, 'UT679WV', 93, 5),
(26000, 0, '2024-07-22', '2024-08-01', 26580, 'CB891ED', 117, 2),
(40100, 0, '2024-07-26', '2024-08-09', 40920, 'VW124UZ', 138, 1),
(49100, 0, '2024-08-01', '2024-08-18', 50120, 'XY235WB', 24, 2),
(51500, 0, '2024-08-05', '2024-08-22', 52560, 'BC679AF', 58, 1),
(38190, 0, '2026-05-01', '2026-06-12', NULL, 'ST568QV', 2, 5),
(32880, 0, '2026-04-29', '2026-05-26', NULL, 'JK780IN', 5, 2),
(35490, 0, '2026-05-08', '2026-05-21', NULL, 'ZA235YD', 10, 2),
(46370, 0, '2026-04-20', '2026-06-18', NULL, 'PQ013OT', 15, 5),
(40980, 0, '2026-05-03', '2026-05-30', NULL, 'AB679YD', 20, 1),
(54810, 0, '2026-03-31', '2026-06-30', NULL, 'RS124QV', 25, 1),
(49760, 0, '2026-05-06', '2026-05-24', NULL, 'YZ891WB', 30, 3),
(55690, 0, '2026-04-11', '2026-06-05', NULL, 'HI780GL', 35, 2),
(47220, 0, '2026-05-10', '2026-05-28', NULL, 'RS891QV', 40, 3),
(34760, 0, '2026-04-25', '2026-06-09', NULL, 'KL124IN', 45, 1),
(53410, 0, '2026-05-02', '2026-06-01', NULL, 'GH902EJ', 50, 4),
(14200, 0, '2026-01-05', '2026-01-09', 14820, 'FR911AA', 146, 1),
(9300, 0, '2026-02-10', '2026-02-12', 9820, 'FR650CC', 147, 3),
(26800, 0, '2026-03-15', '2026-03-22', 27640, 'PC250BB', 146, 2),
(11600, 0, '2026-04-01', '2026-04-07', 12150, 'FP700DD', 148, 4),
(20300, 0, '2026-05-20', '2026-06-05', NULL, 'MS260EE', 149, 5);

 INSERT INTO Copertura (Assicurazione, Contratto) VALUES
 ('RCA', 1),
 ('RCA', 2),
 ('ASSISTENZA STRADALE', 2),
 ('RCA', 3),
 ('FURTO', 3),
 ('CRISTALLI', 3),
 ('RCA', 4),
 ('KASKO', 4),
 ('ASSISTENZA STRADALE', 4),
 ('RCA', 5),
 ('RCA', 6),
 ('FURTO', 6),
 ('INCENDIO', 6),
 ('ATTI VANDALICI', 6),
 ('RCA', 7),
 ('CRISTALLI', 7),
 ('RCA', 8),
 ('EVENTI NATURALI', 8),
 ('ASSISTENZA STRADALE', 8),
 ('RCA', 9),
 ('KASKO', 9),
 ('FURTO', 9),
 ('RCA', 10),
 ('INCENDIO', 10),
 ('CRISTALLI', 10),
 ('ASSISTENZA STRADALE', 10),
 ('RCA', 11),
 ('FURTO', 11),
 ('KASKO', 11),
 ('EVENTI NATURALI', 11),
 ('RCA', 12),
('FURTO', 12),
('RCA', 13),
('RCA', 14),
('ASSISTENZA STRADALE', 14),
('RCA', 15),
('KASKO', 15),
('CRISTALLI', 15),
('RCA', 16),
('RCA', 17),
('INCENDIO', 17),
('RCA', 18),
('EVENTI NATURALI', 18),
('RCA', 19),
('RCA', 20),
('FURTO', 20),
('ATTI VANDALICI', 20),
('RCA', 21),
('CRISTALLI', 21),
('RCA', 22),
('RCA', 23),
('ASSISTENZA STRADALE', 23),
('RCA', 24),
('FURTO', 24),
('RCA', 25),
('RCA', 26),
('KASKO', 26),
('RCA', 27),
('INCENDIO', 27),
('CRISTALLI', 27),
('RCA', 28),
('RCA', 29),
('EVENTI NATURALI', 29),
('RCA', 30),
('ASSISTENZA STRADALE', 30),
('RCA', 31),
('RCA', 32),
('FURTO', 32),
('ASSISTENZA STRADALE', 32),
('RCA', 33),
('RCA', 34),
('CRISTALLI', 34),
('RCA', 35),
('KASKO', 35),
('RCA', 36),
('RCA', 37),
('INCENDIO', 37),
('RCA', 38),
('FURTO', 38),
('RCA', 39),
('RCA', 40),
('ATTI VANDALICI', 40),
('RCA', 41),
('ASSISTENZA STRADALE', 41),
('CRISTALLI', 41),
('RCA', 42),
('RCA', 43),
('EVENTI NATURALI', 43),
('RCA', 44),
('FURTO', 44),
('RCA', 45),
('RCA', 46),
('KASKO', 46),
('ASSISTENZA STRADALE', 46),
('RCA', 47),
('RCA', 48),
('CRISTALLI', 48),
('RCA', 49),
('INCENDIO', 49),
('RCA', 50),
('RCA', 51),
('FURTO', 51),
('EVENTI NATURALI', 51),
('RCA', 52),
('RCA', 53),
('ASSISTENZA STRADALE', 53),
('RCA', 54),
('KASKO', 54),
('RCA', 55),
('RCA', 56),
('CRISTALLI', 56),
('ATTI VANDALICI', 56),
('RCA', 57),
('RCA', 58),
('FURTO', 58),
('RCA', 59),
('INCENDIO', 59),
('RCA', 60),
('RCA', 61),
('EVENTI NATURALI', 61),
('ASSISTENZA STRADALE', 61),
('RCA', 62),
('RCA', 63),
('KASKO', 63),
('RCA', 64),
('CRISTALLI', 64),
('RCA', 65),
('RCA', 66),
('FURTO', 66),
('INCENDIO', 66),
('RCA', 67),
('RCA', 68),
('ASSISTENZA STRADALE', 68),
('RCA', 69),
('ATTI VANDALICI', 69),
('RCA', 70),
('RCA', 71),
('KASKO', 71),
('CRISTALLI', 71),
('RCA', 72),
('RCA', 73),
('FURTO', 73),
('RCA', 74),
('EVENTI NATURALI', 74),
('RCA', 75),
('RCA', 76),
('INCENDIO', 76),
('ASSISTENZA STRADALE', 76),
('RCA', 77),
('RCA', 78),
('CRISTALLI', 78),
('RCA', 79),
('FURTO', 79),
('KASKO', 79),
('RCA', 80),
('RCA', 81),
('ATTI VANDALICI', 81),
('RCA', 82),
('ASSISTENZA STRADALE', 82),
('RCA', 83),
('RCA', 84),
('FURTO', 84),
('INCENDIO', 84),
('RCA', 85),
('RCA', 86),
('KASKO', 86),
('RCA', 87),
('EVENTI NATURALI', 87),
('CRISTALLI', 87),
('RCA', 88),
('RCA', 89),
('ASSISTENZA STRADALE', 89),
('RCA', 90),
('FURTO', 90),
('RCA', 91),
('RCA', 92),
('KASKO', 92),
('ASSISTENZA STRADALE', 92),
('RCA', 93),
('RCA', 94),
('CRISTALLI', 94),
('RCA', 95),
('INCENDIO', 95),
('RCA', 96),
('RCA', 97),
('FURTO', 97),
('ATTI VANDALICI', 97),
('RCA', 98),
('RCA', 99),
('EVENTI NATURALI', 99),
('RCA', 100),
('ASSISTENZA STRADALE', 100),
('CRISTALLI', 100),
('RCA', 101),
('RCA', 102),
('FURTO', 102),
('RCA', 103),
('KASKO', 103),
('RCA', 104),
('RCA', 105),
('INCENDIO', 105),
('ASSISTENZA STRADALE', 105),
('RCA', 106),
('RCA', 107),
('CRISTALLI', 107),
('RCA', 108),
('FURTO', 108),
('EVENTI NATURALI', 108),
('RCA', 109),
('RCA', 110),
('ATTI VANDALICI', 110),
('RCA', 111),
('KASKO', 111),
('CRISTALLI', 111),
('RCA', 112),
('RCA', 113),
('ASSISTENZA STRADALE', 113),
('RCA', 114),
('FURTO', 114),
('RCA', 115),
('RCA', 116),
('INCENDIO', 116),
('EVENTI NATURALI', 116),
('RCA', 117),
('RCA', 118),
('KASKO', 118),
('RCA', 119),
('CRISTALLI', 119),
('ASSISTENZA STRADALE', 119),
('RCA', 120),
('RCA', 121),
('FURTO', 121),
('RCA', 122),
('ATTI VANDALICI', 122),
('RCA', 123),
('RCA', 124),
('INCENDIO', 124),
('CRISTALLI', 124),
('RCA', 125),
('RCA', 126),
('EVENTI NATURALI', 126),
('RCA', 127),
('FURTO', 127),
('ASSISTENZA STRADALE', 127),
('RCA', 128),
('RCA', 129),
('KASKO', 129),
('RCA', 130),
('CRISTALLI', 130),
('RCA', 131),
('RCA', 132),
('FURTO', 132),
('INCENDIO', 132),
('RCA', 133),
('RCA', 134),
('ASSISTENZA STRADALE', 134),
('RCA', 135),
('ATTI VANDALICI', 135),
('CRISTALLI', 135),
('RCA', 136),
('RCA', 137),
('KASKO', 137),
('RCA', 138),
('FURTO', 138),
('RCA', 139),
('RCA', 140),
('EVENTI NATURALI', 140),
('ASSISTENZA STRADALE', 140),
('RCA', 141),
('RCA', 142),
('CRISTALLI', 142),
('RCA', 143),
('INCENDIO', 143),
('FURTO', 143),
('RCA', 144),
('RCA', 145),
('KASKO', 145),
('RCA', 146),
('ASSISTENZA STRADALE', 146),
('RCA', 147),
('RCA', 148),
('FURTO', 148),
('CRISTALLI', 148),
('RCA', 149),
('RCA', 150),
('EVENTI NATURALI', 150),
('ATTI VANDALICI', 150),
('RCA', 151),
('KASKO', 151),
('RCA', 152),
('ASSISTENZA STRADALE', 152),
('RCA', 153),
('RCA', 154),
('FURTO', 154),
('ASSISTENZA STRADALE', 154),
('RCA', 155),
('CRISTALLI', 155),
('RCA', 156),
('FURTO', 156),
('INCENDIO', 156),
('RCA', 157),
('RCA', 158),
('ASSISTENZA STRADALE', 158),
('RCA', 159),
('EVENTI NATURALI', 159),
('RCA', 160),
('FURTO', 160),
('RCA', 161),
('KASKO', 161),
('CRISTALLI', 161),
('RCA', 162),
('KASKO', 162),
('RCA', 163),
('FURTO', 163),
('KASKO', 163),
('RCA', 164),
('ASSISTENZA STRADALE', 164),
('RCA', 165),
('FURTO', 165),
('CRISTALLI', 165),
('RCA', 166),
('KASKO', 166);

-- Script di update per assegnare il valore a canone in contratto:
CREATE VIEW Contratto_SommaPrezziAssicurazioni (idContratto, TotalePrezzoAssicurazione) AS(
	SELECT  cop.Contratto , sum (A.TariffaGiornaliera) as CostoGiornalieroTariffa
	FROM (CONTRATTO Con JOIN COPERTURA Cop ON Con.idContratto = Cop.Contratto) JOIN Assicurazione A on Cop.Assicurazione = A.Tipologia
	GROUP BY Cop.Contratto
);

CREATE VIEW Contratto_TariffaVeicolo (idContratto, TariffaVeicolo) AS(
	SELECT  C.idContratto , T.tariffaBase
	FROM (CONTRATTO C JOIN VEICOLO V ON C.Veicolo = V.targa) JOIN Tariffario T on  T.Marca= V.TariffarioMarca and T.Modello = V.TariffarioModello
);

UPDATE Contratto set Canone= (
SELECT ((A.TotalePrezzoAssicurazione + T.TariffaVeicolo)*(Contratto.datafine-Contratto.datainizio + 1))
FROM (Contratto_SommaPrezziAssicurazioni  A JOIN Contratto_TariffaVeicolo T on A.idContratto = T.idContratto)
WHERE Contratto.idContratto = A.idContratto
);

INSERT INTO Pagamento (Contratto, DataPagamento, Importo) VALUES
(1, '2026-04-06', 1440.00),
(1, '2026-04-26', 1440.00),
(2, '2026-01-10', 303.00),
(3, '2026-01-12', 648.00),
(4, '2026-02-01', 300.00),
(4, '2026-02-05', 333.50),
(5, '2026-02-05', 192.00),
(6, '2026-02-10', 400.00),
(6, '2026-02-15', 405.50),
(7, '2026-03-01', 255.00),
(8, '2026-03-03', 381.00),
(9, '2026-03-12', 280.00),
(10, '2026-03-20', 560.00),
(10, '2026-03-25', 600.50),
(11, '2026-04-10', 228.00),
(12, '2025-03-10', 250.00),
(12, '2025-03-15', 245.00),
(13, '2025-10-05', 470.00),
(14, '2025-02-08', 571.50),
(15, '2025-11-02', 390.00),
(15, '2025-11-07', 400.00),
(16, '2025-01-15', 192.00),
(16, '2025-01-18', 96.00),
(17, '2025-09-18', 378.00),
(18, '2025-04-01', 450.00),
(18, '2025-04-07', 450.00),
(19, '2025-11-08', 455.00),
(19, '2025-11-14', 455.00),
(20, '2025-02-03', 543.00),
(21, '2025-10-10', 280.00),
(21, '2025-10-13', 287.00),
(22, '2025-03-05', 440.00),
(23, '2025-12-01', 260.00),
(23, '2025-12-05', 266.50),
(24, '2025-01-22', 385.00),
(25, '2025-09-02', 188.00),
(25, '2025-09-05', 188.00),
(26, '2025-04-14', 774.00),
(27, '2025-11-15', 324.00),
(27, '2025-11-19', 324.00),
(28, '2025-03-03', 410.00),
(28, '2025-03-07', 410.00),
(29, '2025-10-21', 435.00),
(29, '2025-10-26', 435.00),
(30, '2025-02-10', 499.50),
(31, '2025-11-03', 468.00),
(32, '2025-03-20', 254.00),
(32, '2025-03-24', 254.00),
(33, '2025-12-05', 468.00),
(34, '2025-01-12', 285.00),
(35, '2025-10-04', 170.00),
(35, '2025-10-06', 170.00),
(36, '2025-04-05', 220.00),
(36, '2025-04-09', 220.00),
(37, '2025-09-25', 450.00),
(38, '2025-02-25', 352.00),
(38, '2025-03-01', 352.00),
(39, '2025-11-09', 360.00),
(39, '2025-11-13', 360.00),
(40, '2025-03-01', 630.00),
(40, '2025-03-05', 630.00),
(41, '2025-12-02', 700.00),
(41, '2025-12-06', 735.50),
(42, '2025-01-19', 558.00),
(43, '2025-10-18', 301.50),
(43, '2025-10-22', 301.50),
(44, '2025-02-06', 290.00),
(45, '2025-12-06', 250.00),
(46, '2025-04-09', 264.25),
(46, '2025-04-12', 264.25),
(47, '2025-11-24', 399.00),
(48, '2025-03-14', 414.00),
(48, '2025-03-18', 414.00),
(49, '2025-10-12', 470.00),
(49, '2025-10-17', 470.00),
(50, '2025-02-28', 378.00),
(51, '2025-09-14', 268.00),
(51, '2025-09-18', 268.00),
(52, '2026-04-18', 1783.50),
(52, '2026-05-03', 1783.50),
(53, '2026-03-22', 4822.75),
(53, '2026-05-10', 4822.75),
(54, '2026-05-02', 1260.00),
(54, '2026-05-13', 1260.00),
(55, '2026-04-05', 2700.00),
(55, '2026-05-10', 2751.00),
(56, '2026-05-07', 852.00),
(56, '2026-05-15', 852.00),
(57, '2026-03-28', 4850.00),
(57, '2026-05-20', 4850.00),
(58, '2026-04-12', 4060.00),
(58, '2026-05-10', 4060.00),
(59, '2026-05-03', 1537.00),
(59, '2026-05-17', 1537.00),
(60, '2026-04-20', 3627.00),
(60, '2026-05-20', 3627.00),
(61, '2026-05-10', 866.25),
(61, '2026-05-17', 866.25),
(62, '2026-05-04', 912.00),
(63, '2026-04-28', 1334.00),
(63, '2026-05-12', 1334.00),
(64, '2026-04-08', 4536.00),
(64, '2026-05-14', 4536.00),
(65, '2026-03-25', 7128.00),
(65, '2026-05-20', 7128.00),
(66, '2026-04-01', 6708.00),
(66, '2026-05-15', 6708.00),
(67, '2026-05-01', 899.00),
(67, '2026-05-15', 899.00),
(68, '2026-04-14', 3518.50),
(68, '2026-05-14', 3518.50),
(69, '2026-03-30', 6932.50),
(69, '2026-05-15', 6932.50),
(70, '2026-04-25', 1666.50),
(70, '2026-05-10', 1666.50),
(71, '2026-05-06', 1539.00),
(71, '2026-05-15', 1539.00),
(72, '2026-04-22', 1980.00),
(72, '2026-05-12', 1980.00),
(73, '2026-05-05', 1512.00),
(73, '2026-05-19', 1512.00),
(74, '2026-04-10', 3230.00),
(74, '2026-05-15', 3230.00),
(75, '2026-03-18', 6375.00),
(75, '2026-05-20', 6375.00),
(76, '2026-05-09', 432.25),
(76, '2026-05-15', 432.25),
(77, '2026-04-30', 1463.00),
(77, '2026-05-18', 1463.00),
(78, '2026-04-03', 5103.00),
(78, '2026-05-13', 5103.00),
(79, '2026-03-26', 8680.00),
(79, '2026-05-18', 8680.00),
(80, '2026-04-07', 5893.00),
(80, '2026-05-18', 5893.00),
(81, '2026-05-08', 1328.25),
(81, '2026-05-19', 1328.25),
(82, '2026-04-15', 5165.25),
(82, '2026-05-20', 5165.25),
(83, '2026-05-02', 1565.50),
(83, '2026-05-17', 1565.50),
(84, '2026-04-26', 2223.00),
(84, '2026-05-15', 2223.00),
(85, '2026-05-04', 1080.00),
(85, '2026-05-16', 1080.00),
(86, '2026-04-19', 3042.00),
(86, '2026-05-15', 3042.00),
(87, '2026-05-07', 990.00),
(87, '2026-05-17', 990.00),
(88, '2026-04-24', 2150.00),
(88, '2026-05-15', 2150.00),
(89, '2026-05-01', 1776.50),
(89, '2026-05-20', 1776.50),
(90, '2026-04-21', 4480.00),
(90, '2026-05-18', 4480.00),
(91, '2024-01-05', 128.00),
(91, '2024-01-07', 107.00),
(92, '2024-01-07', 235.00),
(92, '2024-01-10', 236.00),
(93, '2024-01-10', 324.00),
(93, '2024-01-14', 324.00),
(94, '2024-01-12', 208.00),
(95, '2024-01-15', 380.00),
(95, '2024-01-20', 380.00),
(96, '2024-01-20', 192.50),
(96, '2024-01-24', 192.50),
(97, '2024-01-23', 363.00),
(98, '2024-02-01', 552.00),
(98, '2024-02-07', 552.00),
(99, '2024-02-03', 228.00),
(99, '2024-02-06', 228.00),
(100, '2024-02-07', 358.00),
(100, '2024-02-11', 358.00),
(101, '2024-02-10', 208.00),
(102, '2024-02-12', 539.00),
(102, '2024-02-17', 539.00),
(103, '2024-02-18', 517.00),
(103, '2024-02-23', 517.00),
(104, '2024-02-20', 159.00),
(105, '2024-02-24', 214.00),
(105, '2024-02-28', 214.00),
(106, '2024-03-01', 240.00),
(106, '2024-03-04', 240.00),
(107, '2024-03-03', 505.00),
(107, '2024-03-08', 505.00),
(108, '2024-03-06', 256.00),
(108, '2024-03-10', 256.00),
(109, '2024-03-10', 727.50),
(109, '2024-03-17', 727.50),
(110, '2024-03-15', 630.00),
(110, '2024-03-19', 630.00),
(111, '2024-03-18', 490.50),
(111, '2024-03-22', 490.50),
(112, '2024-03-20', 248.00),
(112, '2024-03-24', 248.00),
(113, '2024-03-23', 160.50),
(114, '2024-03-28', 690.00),
(114, '2024-04-03', 690.00),
(115, '2024-04-02', 199.50),
(115, '2024-04-05', 199.50),
(116, '2024-04-05', 319.50),
(116, '2024-04-10', 319.50),
(117, '2024-04-08', 990.00),
(117, '2024-04-15', 990.00),
(118, '2024-04-12', 463.50),
(118, '2024-04-17', 463.50),
(119, '2024-04-15', 215.25),
(119, '2024-04-18', 215.25),
(120, '2024-04-18', 600.00),
(120, '2024-04-24', 600.00),
(121, '2024-04-22', 165.00),
(122, '2024-04-25', 447.50),
(122, '2024-04-30', 447.50),
(123, '2024-04-28', 216.00),
(123, '2024-05-02', 216.00),
(124, '2024-05-02', 952.50),
(124, '2024-05-10', 952.50),
(125, '2024-05-05', 385.00),
(126, '2024-05-08', 360.00),
(126, '2024-05-12', 360.00),
(127, '2024-05-10', 711.00),
(127, '2024-05-16', 711.00),
(128, '2024-05-14', 192.00),
(129, '2024-05-18', 822.00),
(129, '2024-05-24', 822.00),
(130, '2024-05-20', 1088.00),
(130, '2024-05-28', 1088.00),
(131, '2024-05-24', 1065.00),
(131, '2024-05-31', 1065.00),
(132, '2024-05-28', 705.00),
(132, '2024-06-02', 705.00),
(133, '2024-06-01', 208.00),
(133, '2024-06-05', 208.00),
(134, '2024-06-04', 254.25),
(134, '2024-06-08', 254.25),
(135, '2024-06-08', 393.25),
(135, '2024-06-13', 393.25),
(136, '2024-06-10', 125.00),
(136, '2024-06-12', 125.00),
(137, '2024-06-14', 812.50),
(137, '2024-06-20', 812.50),
(138, '2024-06-18', 1200.00),
(138, '2024-06-26', 1200.00),
(139, '2024-06-22', 355.00),
(139, '2024-06-27', 355.00),
(140, '2024-06-25', 657.00),
(140, '2024-07-01', 657.00),
(141, '2024-07-01', 128.00),
(142, '2024-07-03', 240.00),
(143, '2024-07-06', 390.50),
(143, '2024-07-11', 390.50),
(144, '2024-07-10', 561.00),
(144, '2024-07-16', 561.00),
(145, '2024-07-14', 481.50),
(145, '2024-07-18', 481.50),
(146, '2024-07-18', 174.00),
(146, '2024-07-22', 174.00),
(147, '2024-07-22', 423.50),
(147, '2024-07-28', 423.50),
(148, '2024-07-26', 1005.00),
(148, '2024-08-02', 1005.00),
(149, '2024-08-01', 1188.00),
(149, '2024-08-10', 1188.00),
(150, '2024-08-05', 1372.50),
(150, '2024-08-14', 1372.50),
(151, '2026-05-09', 2150.00),
(152, '2026-05-13', 1075.00),
(153, '2026-05-10', 400.00),
(154, '2026-04-28', 3750.00),
(156, '2026-04-12', 2500.00),
(158, '2026-04-19', 825.00),
(161, '2026-05-07', 975.00),
(162, '2026-01-05', 1535.00),
(163, '2026-02-10', 1027.50),
(163, '2026-02-12', 1027.50),
(164, '2026-03-15', 1000.00),
(164, '2026-03-22', 1124.00),
(165, '2026-04-01', 2500.00),
(165, '2026-04-07', 2568.00),
(166, '2026-05-20', 2000.00),
(166, '2026-06-05', 2879.00);



INSERT INTO Manutenzione (DataInizio, DataFine, Tipologia, Veicolo) VALUES
('2026-05-03', NULL, 'ORDINARIA', 'QR567ST'),
('2026-04-28', NULL, 'STRAORDINARIA', 'WX791YZ'),
('2026-05-07', NULL, 'ORDINARIA', 'XY568ZA'),
('2026-05-01', NULL, 'STRAORDINARIA', 'MN568OP'),
('2026-05-06', NULL, 'ORDINARIA', 'ST346UV'),
('2026-04-30', NULL, 'STRAORDINARIA', 'WX013ZA'),
('2026-05-08', NULL, 'ORDINARIA', 'YX780AZ'),
('2026-05-02', NULL, 'STRAORDINARIA', 'WX346YZ'),
('2026-05-04', NULL, 'ORDINARIA', 'XY013ZA'),
('2026-05-05', NULL, 'STRAORDINARIA', 'RS568TU'),
('2026-05-09', NULL, 'ORDINARIA', 'CD457EF'),
('2026-04-27', NULL, 'STRAORDINARIA', 'LP568MQ'),
('2026-05-10', NULL, 'ORDINARIA', 'NO780MR'),
('2026-05-01', NULL, 'STRAORDINARIA', 'ZA346YD'),
('2026-05-03', NULL, 'ORDINARIA', 'NO013MR'),
('2026-05-06', NULL, 'STRAORDINARIA', 'UX457UZ'),
('2026-05-11', NULL, 'ORDINARIA', 'OP346MR'),
('2026-05-02', NULL, 'STRAORDINARIA', 'JK457IN'),
('2026-05-07', NULL, 'ORDINARIA', 'HI679GL'),
('2026-04-29', NULL, 'STRAORDINARIA', 'TU235SX'),
('2026-05-05', NULL, 'ORDINARIA', 'PQ346OT'),
('2026-05-04', NULL, 'STRAORDINARIA', 'HI235GL'),
('2026-05-08', NULL, 'ORDINARIA', 'DE346CH'),
('2024-02-10', '2024-02-12', 'ORDINARIA', 'AB123CD'),
('2024-09-05', '2024-09-10', 'STRAORDINARIA', 'EF456GH'),
('2025-01-14', '2025-01-16', 'ORDINARIA', 'IJ789KL'),
('2024-11-03', '2024-11-06', 'ORDINARIA', 'MN234OP'),
('2025-03-18', '2025-03-22', 'STRAORDINARIA', 'UV890WX'),
('2024-07-01', '2024-07-03', 'ORDINARIA', 'YZ135AB'),
('2025-02-05', '2025-02-09', 'STRAORDINARIA', 'CD246EF'),
('2024-08-14', '2024-08-16', 'ORDINARIA', 'GH357IJ'),
('2025-04-20', '2025-04-25', 'STRAORDINARIA', 'KL468MN'),
('2024-03-11', '2024-03-13', 'ORDINARIA', 'OP579QR'),
('2025-01-08', '2025-01-10', 'ORDINARIA', 'ST680UV'),
('2024-10-19', '2024-10-23', 'STRAORDINARIA', 'ZA802BC'),
('2025-02-12', '2025-02-15', 'ORDINARIA', 'DE913FG'),
('2024-06-06', '2024-06-08', 'ORDINARIA', 'HI124JK'),
('2025-03-01', '2025-03-05', 'STRAORDINARIA', 'LM235NO'),
('2024-05-20', '2024-05-22', 'ORDINARIA', 'PQ346RS'),
('2025-01-25', '2025-01-29', 'ORDINARIA', 'TU457VW'),
('2024-12-02', '2024-12-06', 'STRAORDINARIA', 'BC679DE'),
('2025-02-21', '2025-02-24', 'ORDINARIA', 'FG780HI'),
('2024-09-12', '2024-09-16', 'ORDINARIA', 'JK891LM'),
('2025-03-07', '2025-03-10', 'STRAORDINARIA', 'NO902PQ'),
('2024-04-18', '2024-04-20', 'ORDINARIA', 'RS013TU'),
('2025-02-03', '2025-02-06', 'ORDINARIA', 'VW124XY'),
('2024-11-15', '2024-11-19', 'STRAORDINARIA', 'ZA235CD'),
('2025-01-11', '2025-01-13', 'ORDINARIA', 'EF346GH'),
('2024-08-08', '2024-08-10', 'ORDINARIA', 'IJ457KL'),
('2025-04-02', '2025-04-06', 'STRAORDINARIA', 'QR679ST'),
('2024-05-09', '2024-05-12', 'ORDINARIA', 'UV780WX'),
('2025-02-18', '2025-02-22', 'ORDINARIA', 'YZ891AB'),
('2024-07-17', '2024-07-19', 'ORDINARIA', 'GH013IJ'),
('2023-03-10', '2023-03-12', 'ORDINARIA', 'QR567ST'),
('2024-01-18', '2024-01-23', 'STRAORDINARIA', 'QR567ST'),
('2023-06-05', '2023-06-07', 'ORDINARIA', 'KL468MN'),
('2024-04-12', '2024-04-18', 'STRAORDINARIA', 'KL468MN'),
('2025-09-03', '2025-09-06', 'ORDINARIA', 'KL468MN'),
('2023-02-20', '2023-02-22', 'ORDINARIA', 'RS013TU'),
('2024-06-14', '2024-06-20', 'STRAORDINARIA', 'RS013TU'),
('2023-11-08', '2023-11-10', 'ORDINARIA', 'AB568CE'),
('2024-10-02', '2024-10-08', 'STRAORDINARIA', 'AB568CE'),
('2023-05-15', '2023-05-17', 'ORDINARIA', 'ST235UV'),
('2024-03-21', '2024-03-25', 'ORDINARIA', 'ST235UV'),
('2025-06-10', '2025-06-17', 'STRAORDINARIA', 'ST235UV'),
('2023-07-04', '2023-07-06', 'ORDINARIA', 'MN013OP'),
('2024-09-11', '2024-09-16', 'STRAORDINARIA', 'MN013OP'),
('2023-04-02', '2023-04-05', 'ORDINARIA', 'VW124UZ'),
('2024-05-19', '2024-05-25', 'STRAORDINARIA', 'VW124UZ'),
('2023-08-22', '2023-08-24', 'ORDINARIA', 'XY235WB'),
('2024-11-07', '2024-11-13', 'STRAORDINARIA', 'XY235WB'),
('2023-01-16', '2023-01-18', 'ORDINARIA', 'BC679AF'),
('2024-08-03', '2024-08-09', 'STRAORDINARIA', 'BC679AF'),
('2023-09-10', '2023-09-12', 'ORDINARIA', 'ZA891YD'),
('2025-02-14', '2025-02-20', 'STRAORDINARIA', 'ZA891YD'),
('2023-10-01', '2023-10-03', 'ORDINARIA', 'DE013CH'),
('2024-12-04', '2024-12-09', 'STRAORDINARIA', 'DE013CH'),
('2023-12-11', '2023-12-13', 'ORDINARIA', 'LM780KP'),
('2025-03-18', '2025-03-24', 'STRAORDINARIA', 'LM780KP'),
('2023-05-27', '2023-05-29', 'ORDINARIA', 'RS780QV'),
('2024-07-15', '2024-07-20', 'STRAORDINARIA', 'RS780QV'),
('2023-06-18', '2023-06-20', 'ORDINARIA', 'YZ135AB'),
('2025-01-08', '2025-01-13', 'STRAORDINARIA', 'YZ135AB');

INSERT INTO Fattura (Manutenzione, Fornitore, DataFattura, Importo) VALUES
(24, 'Officina Centro Roma', '2024-02-12', 95.00),
(25, 'Autocarrozzeria Nord', '2024-09-10', 410.00),
(26, 'Service Auto Emilia', '2025-01-16', 110.00),
(27, 'Meccatronica Italia', '2024-11-06', 120.00),
(28, 'Autocarrozzeria Nord', '2025-03-22', 460.00),
(29, 'Car Clinic Torino', '2024-07-03', 105.00),
(30, 'Service Auto Emilia', '2025-02-09', 390.00),
(31, 'Officina Centro Roma', '2024-08-16', 90.00),
(32, 'Luxury Auto Service', '2025-04-25', 520.00),
(33, 'Car Clinic Torino', '2024-03-13', 115.00),
(34, 'Service Auto Emilia', '2025-01-10', 98.00),
(35, 'Autocarrozzeria Nord', '2024-10-23', 430.00),
(36, 'Luxury Auto Service', '2025-02-15', 135.00),
(37, 'Officina Centro Roma', '2024-06-08', 85.00),
(38, 'Truck Service Milano', '2025-03-05', 480.00),
(39, 'Moto Service Padova', '2024-05-22', 70.00),
(40, 'Service Auto Emilia', '2025-01-29', 125.00),
(41, 'Autocarrozzeria Nord', '2024-12-06', 395.00),
(42, 'SUV & 4x4 Service', '2025-02-24', 140.00),
(43, 'Officina Centro Roma', '2024-09-16', 100.00),
(44, 'Luxury Auto Service', '2025-03-10', 450.00),
(45, 'Service Auto Emilia', '2024-04-20', 88.00),
(46, 'Meccatronica Italia', '2025-02-06', 115.00),
(47, 'Autocarrozzeria Nord', '2024-11-19', 405.00),
(48, 'Officina Centro Roma', '2025-01-13', 92.00),
(49, 'Moto Service Padova', '2024-08-10', 65.00),
(50, 'Autocarrozzeria Nord', '2025-04-06', 440.00),
(51, 'Car Clinic Torino', '2024-05-12', 97.00),
(52, 'Luxury Auto Service', '2025-02-22', 150.00),
(53, 'Service Auto Emilia', '2024-07-19', 82.00),
(54, 'Officina Centro Roma', '2023-03-12', 105.00),
(55, 'Autocarrozzeria Nord', '2024-01-23', 520.00),
(56, 'Service Auto Emilia', '2023-06-07', 120.00),
(57, 'Luxury Auto Service', '2024-04-18', 690.00),
(58, 'Service Auto Emilia', '2025-09-06', 135.00),
(59, 'Car Clinic Torino', '2023-02-22', 110.00),
(60, 'Meccatronica Italia', '2024-06-20', 740.00),
(61, 'Officina Centro Roma', '2023-11-10', 115.00),
(62, 'Luxury Auto Service', '2024-10-08', 780.00),
(63, 'Truck Service Milano', '2023-05-17', 160.00),
(64, 'Truck Service Milano', '2024-03-25', 190.00),
(65, 'Truck Service Milano', '2025-06-17', 950.00),
(66, 'SUV & 4x4 Service', '2023-07-06', 140.00),
(67, 'Luxury Auto Service', '2024-09-16', 830.00),
(68, 'Van Repair Group', '2023-04-05', 180.00),
(69, 'Van Repair Group', '2024-05-25', 870.00),
(70, 'Truck Service Milano', '2023-08-24', 175.00),
(71, 'Truck Service Milano', '2024-11-13', 910.00),
(72, 'Meccatronica Italia', '2023-01-18', 130.00),
(73, 'Meccatronica Italia', '2024-08-09', 860.00),
(74, 'Luxury Auto Service', '2023-09-12', 125.00),
(75, 'Luxury Auto Service', '2025-02-20', 790.00),
(76, 'SUV & 4x4 Service', '2023-10-03', 145.00),
(77, 'SUV & 4x4 Service', '2024-12-09', 720.00),
(78, 'Van Repair Group', '2023-12-13', 170.00),
(79, 'Van Repair Group', '2025-03-24', 880.00),
(80, 'Service Auto Emilia', '2023-05-29', 135.00),
(81, 'Autocarrozzeria Nord', '2024-07-20', 610.00),
(82, 'Car Clinic Torino', '2023-06-20', 120.00),
(83, 'Autocarrozzeria Nord', '2025-01-13', 650.00);

--CREAZIONE INDICE
CREATE INDEX idx_StatoFiliale_veicolo ON VEICOLO (Filiale, Stato);

--QUERY
-- 1 Mostrare i contratti che risultano avere canone non saldato e il loro saldo rimanente
-- SELECT C.idContratto, C.canone as SaldoRimanente
-- FROM contratto C LEFT JOIN Pagamento P ON C.idcontratto = P.contratto
-- GROUP BY C.idcontratto, C.canone
-- HAVING sum(P.importo) IS NULL
-- UNION
-- SELECT C.idContratto, ( C.canone - sum(P.importo)) as SaldoRimanente
-- FROM contratto C JOIN Pagamento P ON C.idcontratto = P.contratto
-- GROUP BY C.idcontratto, C.canone
-- having sum(P.importo) < C.canone
-- order by idcontratto;

-- 2 Mostrare i clienti che hanno noleggiato almeno un auto di lusso e la somma dei canoni dei contratti a loro associati
-- drop view if exists sommacanonecliente;
-- CREATE VIEW sommacanonecliente as
-- SELECT cl.idcliente, SUM(co.canone) as sommacanone
-- FROM contratto co join cliente cl on co.cliente = cl.idcliente
-- group by cl.idcliente
-- order by cl.idcliente;

-- SELECT DISTINCT scc.idcliente, scc.sommacanone
-- FROM sommacanonecliente scc join contratto con on scc.idcliente = con.cliente
-- join veicolo v on v.targa = con.veicolo
-- join tariffario t on v.tariffariomarca = t.marca and v.tariffariomodello = t.modello
-- where t.tariffabase > 200
-- order by scc.idcliente

-- 3 Mostrare targa, marca, modello e numero di manutenzioni straordinarie dei veicoli che sono stati soggetti ad almeno una manutenzione straordinaria
-- drop view if exists contomanutenzioni;
-- create view contomanutenzioni as
-- select v.targa, count(*) as nmanutenzioni
-- from veicolo v join manutenzione m on v.targa = m.veicolo
-- where m.Tipologia = 'STRAORDINARIA'
-- group by targa;

-- select cm.targa, t.marca, t.modello, cm.nmanutenzioni
-- from contomanutenzioni cm join veicolo v on cm.targa = v.targa 
-- join tariffario t on v.tariffariomarca = t.marca and v.tariffariomodello = t.modello

-- 4 Mostrare per una filiale x numero di veicoli totali, disponibili, noleggiati e in manutenzione (x = 3 in questo caso)
-- select F.idfiliale, V.Totali, V1.Disponibili, V2.Noleggiati, V3.Manutenzione
-- from Filiale F LEFT JOIN (
--     select filiale, count(*) as Totali
--     from Veicolo
--     GROUP BY filiale
-- ) as V on F.idfiliale=V.filiale
-- LEFT JOIN (
--     select filiale, count(*) as Disponibili
--     from Veicolo 
--     where Stato = 'DISPONIBILE'
--     GROUP BY filiale
-- ) as V1 on F.idfiliale=V1.filiale
-- LEFT JOIN (
--     select filiale, count(*) as Noleggiati
--     from Veicolo 
--     where Stato = 'NOLEGGIATO'
--     GROUP BY filiale
-- ) as V2 on F.idfiliale=V2.filiale
-- LEFT JOIN (
--     select filiale, count(*) as Manutenzione
--     from Veicolo 
--     where Stato = 'MANUTENZIONE'
--     GROUP BY filiale
-- ) as V3 on F.idfiliale=V3.filiale
-- where F.idfiliale = 3

-- 5 Mostrare le assicurazioni piu' sottoscritte nell'anno 2025 (RCA esclusa)
-- CREATE VIEW frequenzaAssicurazione as
-- select a.Tipologia, COUNT(*) as sottoscrizioni
-- from contratto con join copertura cop on con.idcontratto = cop.contratto
-- join assicurazione a on cop.assicurazione = a.tipologia
-- where con.datainizio >= '2025-01-01' and con.datainizio <= '2025-12-31' and a.tipologia <> 'RCA'
-- group by a.Tipologia;

-- select fa.tipologia, fa.sottoscrizioni
-- from frequenzaAssicurazione fa
-- where fa.sottoscrizioni = (select max(sottoscrizioni) from frequenzaAssicurazione)